replicate_id,time,infected_fraction
0,0,0.025
0,1,0.05
0,2,0.09
0,3,0.15
0,4,0.195
0,5,0.24
0,6,0.32
0,7,0.415
0,8,0.495
0,9,0.54
0,10,0.525
0,11,0.5
0,12,0.465
0,13,0.43
0,14,0.42
0,15,0.395
0,16,0.385
0,17,0.355
0,18,0.345
0,19,0.33
0,20,0.305
0,21,0.265
0,22,0.23
0,23,0.215
0,24,0.185
0,25,0.17
0,26,0.165
0,27,0.155
0,28,0.12
0,29,0.11
0,30,0.1
0,31,0.09
0,32,0.07
0,33,0.06
0,34,0.055
0,35,0.055
0,36,0.045
0,37,0.045
0,38,0.045
0,39,0.04
0,40,0.04
0,41,0.04
0,42,0.04
0,43,0.04
0,44,0.03
0,45,0.03
0,46,0.03
0,47,0.025
0,48,0.02
0,49,0.02
0,50,0.015
0,51,0.015
0,52,0.015
0,53,0.015
0,54,0.015
0,55,0.01
0,56,0.01
0,57,0.01
0,58,0.005
0,59,0.005
0,60,0.005
0,61,0.005
0,62,0.005
0,63,0.005
0,64,0.005
0,65,0.005
0,66,0.005
0,67,0.005
0,68,0.005
0,69,0.005
0,70,0.005
0,71,0.005
0,72,0.005
0,73,0.005
0,74,0.005
0,75,0.005
0,76,0.005
0,77,0.005
0,78,0.005
0,79,0.005
0,80,0.005
0,81,0.005
0,82,0.005
0,83,0.005
0,84,0.005
0,85,0.005
0,86,0.005
0,87,0.005
0,88,0.005
0,89,0.005
0,90,0.005
0,91,0.005
0,92,0.005
0,93,0.005
0,94,0.005
0,95,0.005
0,96,0.005
0,97,0.005
0,98,0.005
0,99,0.005
0,100,0.005
0,101,0.005
0,102,0.005
0,103,0.005
0,104,0.005
0,105,0.005
0,106,0.005
0,107,0.005
0,108,0.005
0,109,0.005
0,110,0.005
0,111,0.005
0,112,0.005
0,113,0.005
0,114,0.005
0,115,0.005
0,116,0.0
0,117,0.0
0,118,0.0
0,119,0.0
0,120,0.0
0,121,0.0
0,122,0.0
0,123,0.0
0,124,0.0
0,125,0.0
0,126,0.0
0,127,0.0
0,128,0.0
0,129,0.0
0,130,0.0
0,131,0.0
0,132,0.0
0,133,0.0
0,134,0.0
0,135,0.0
0,136,0.0
0,137,0.0
0,138,0.0
0,139,0.0
0,140,0.0
0,141,0.0
0,142,0.0
0,143,0.0
0,144,0.0
0,145,0.0
0,146,0.0
0,147,0.0
0,148,0.0
0,149,0.0
0,150,0.0
0,151,0.0
0,152,0.0
0,153,0.0
0,154,0.0
0,155,0.0
0,156,0.0
0,157,0.0
0,158,0.0
0,159,0.0
0,160,0.0
0,161,0.0
0,162,0.0
0,163,0.0
0,164,0.0
0,165,0.0
0,166,0.0
0,167,0.0
0,168,0.0
0,169,0.0
0,170,0.0
0,171,0.0
0,172,0.0
0,173,0.0
0,174,0.0
0,175,0.0
0,176,0.0
0,177,0.0
0,178,0.0
0,179,0.0
0,180,0.0
0,181,0.0
0,182,0.0
0,183,0.0
0,184,0.0
0,185,0.0
0,186,0.0
0,187,0.0
0,188,0.0
0,189,0.0
0,190,0.0
0,191,0.0
0,192,0.0
0,193,0.0
0,194,0.0
0,195,0.0
0,196,0.0
0,197,0.0
0,198,0.0
0,199,0.0
0,200,0.0
1,0,0.025
1,1,0.05
1,2,0.08
1,3,0.085
1,4,0.155
1,5,0.23
1,6,0.34
1,7,0.455
1,8,0.565
1,9,0.655
1,10,0.65
1,11,0.605
1,12,0.575
1,13,0.52
1,14,0.47
1,15,0.445
1,16,0.41
1,17,0.36
1,18,0.33
1,19,0.3
1,20,0.29
1,21,0.25
1,22,0.225
1,23,0.205
1,24,0.18
1,25,0.17
1,26,0.155
1,27,0.15
1,28,0.14
1,29,0.13
1,30,0.125
1,31,0.12
1,32,0.115
1,33,0.11
1,34,0.095
1,35,0.09
1,36,0.075
1,37,0.06
1,38,0.06
1,39,0.06
1,40,0.05
1,41,0.045
1,42,0.04
1,43,0.04
1,44,0.04
1,45,0.04
1,46,0.04
1,47,0.025
1,48,0.02
1,49,0.02
1,50,0.015
1,51,0.015
1,52,0.01
1,53,0.01
1,54,0.01
1,55,0.01
1,56,0.01
1,57,0.01
1,58,0.01
1,59,0.01
1,60,0.005
1,61,0.0
1,62,0.0
1,63,0.0
1,64,0.0
1,65,0.0
1,66,0.0
1,67,0.0
1,68,0.0
1,69,0.0
1,70,0.0
1,71,0.0
1,72,0.0
1,73,0.0
1,74,0.0
1,75,0.0
1,76,0.0
1,77,0.0
1,78,0.0
1,79,0.0
1,80,0.0
1,81,0.0
1,82,0.0
1,83,0.0
1,84,0.0
1,85,0.0
1,86,0.0
1,87,0.0
1,88,0.0
1,89,0.0
1,90,0.0
1,91,0.0
1,92,0.0
1,93,0.0
1,94,0.0
1,95,0.0
1,96,0.0
1,97,0.0
1,98,0.0
1,99,0.0
1,100,0.0
1,101,0.0
1,102,0.0
1,103,0.0
1,104,0.0
1,105,0.0
1,106,0.0
1,107,0.0
1,108,0.0
1,109,0.0
1,110,0.0
1,111,0.0
1,112,0.0
1,113,0.0
1,114,0.0
1,115,0.0
1,116,0.0
1,117,0.0
1,118,0.0
1,119,0.0
1,120,0.0
1,121,0.0
1,122,0.0
1,123,0.0
1,124,0.0
1,125,0.0
1,126,0.0
1,127,0.0
1,128,0.0
1,129,0.0
1,130,0.0
1,131,0.0
1,132,0.0
1,133,0.0
1,134,0.0
1,135,0.0
1,136,0.0
1,137,0.0
1,138,0.0
1,139,0.0
1,140,0.0
1,141,0.0
1,142,0.0
1,143,0.0
1,144,0.0
1,145,0.0
1,146,0.0
1,147,0.0
1,148,0.0
1,149,0.0
1,150,0.0
1,151,0.0
1,152,0.0
1,153,0.0
1,154,0.0
1,155,0.0
1,156,0.0
1,157,0.0
1,158,0.0
1,159,0.0
1,160,0.0
1,161,0.0
1,162,0.0
1,163,0.0
1,164,0.0
1,165,0.0
1,166,0.0
1,167,0.0
1,168,0.0
1,169,0.0
1,170,0.0
1,171,0.0
1,172,0.0
1,173,0.0
1,174,0.0
1,175,0.0
1,176,0.0
1,177,0.0
1,178,0.0
1,179,0.0
1,180,0.0
1,181,0.0
1,182,0.0
1,183,0.0
1,184,0.0
1,185,0.0
1,186,0.0
1,187,0.0
1,188,0.0
1,189,0.0
1,190,0.0
1,191,0.0
1,192,0.0
1,193,0.0
1,194,0.0
1,195,0.0
1,196,0.0
1,197,0.0
1,198,0.0
1,199,0.0
1,200,0.0
2,0,0.025
2,1,0.065
2,2,0.125
2,3,0.22
2,4,0.335
2,5,0.47
2,6,0.625
2,7,0.68
2,8,0.67
2,9,0.635
2,10,0.6
2,11,0.56
2,12,0.525
2,13,0.5
2,14,0.47
2,15,0.455
2,16,0.41
2,17,0.38
2,18,0.36
2,19,0.32
2,20,0.265
2,21,0.24
2,22,0.22
2,23,0.195
2,24,0.165
2,25,0.15
2,26,0.15
2,27,0.14
2,28,0.13
2,29,0.12
2,30,0.115
2,31,0.1
2,32,0.085
2,33,0.075
2,34,0.075
2,35,0.065
2,36,0.06
2,37,0.055
2,38,0.055
2,39,0.055
2,40,0.05
2,41,0.045
2,42,0.045
2,43,0.035
2,44,0.035
2,45,0.035
2,46,0.035
2,47,0.03
2,48,0.025
2,49,0.025
2,50,0.025
2,51,0.025
2,52,0.025
2,53,0.025
2,54,0.02
2,55,0.015
2,56,0.01
2,57,0.005
2,58,0.005
2,59,0.005
2,60,0.005
2,61,0.005
2,62,0.005
2,63,0.005
2,64,0.0
2,65,0.0
2,66,0.0
2,67,0.0
2,68,0.0
2,69,0.0
2,70,0.0
2,71,0.0
2,72,0.0
2,73,0.0
2,74,0.0
2,75,0.0
2,76,0.0
2,77,0.0
2,78,0.0
2,79,0.0
2,80,0.0
2,81,0.0
2,82,0.0
2,83,0.0
2,84,0.0
2,85,0.0
2,86,0.0
2,87,0.0
2,88,0.0
2,89,0.0
2,90,0.0
2,91,0.0
2,92,0.0
2,93,0.0
2,94,0.0
2,95,0.0
2,96,0.0
2,97,0.0
2,98,0.0
2,99,0.0
2,100,0.0
2,101,0.0
2,102,0.0
2,103,0.0
2,104,0.0
2,105,0.0
2,106,0.0
2,107,0.0
2,108,0.0
2,109,0.0
2,110,0.0
2,111,0.0
2,112,0.0
2,113,0.0
2,114,0.0
2,115,0.0
2,116,0.0
2,117,0.0
2,118,0.0
2,119,0.0
2,120,0.0
2,121,0.0
2,122,0.0
2,123,0.0
2,124,0.0
2,125,0.0
2,126,0.0
2,127,0.0
2,128,0.0
2,129,0.0
2,130,0.0
2,131,0.0
2,132,0.0
2,133,0.0
2,134,0.0
2,135,0.0
2,136,0.0
2,137,0.0
2,138,0.0
2,139,0.0
2,140,0.0
2,141,0.0
2,142,0.0
2,143,0.0
2,144,0.0
2,145,0.0
2,146,0.0
2,147,0.0
2,148,0.0
2,149,0.0
2,150,0.0
2,151,0.0
2,152,0.0
2,153,0.0
2,154,0.0
2,155,0.0
2,156,0.0
2,157,0.0
2,158,0.0
2,159,0.0
2,160,0.0
2,161,0.0
2,162,0.0
2,163,0.0
2,164,0.0
2,165,0.0
2,166,0.0
2,167,0.0
2,168,0.0
2,169,0.0
2,170,0.0
2,171,0.0
2,172,0.0
2,173,0.0
2,174,0.0
2,175,0.0
2,176,0.0
2,177,0.0
2,178,0.0
2,179,0.0
2,180,0.0
2,181,0.0
2,182,0.0
2,183,0.0
2,184,0.0
2,185,0.0
2,186,0.0
2,187,0.0
2,188,0.0
2,189,0.0
2,190,0.0
2,191,0.0
2,192,0.0
2,193,0.0
2,194,0.0
2,195,0.0
2,196,0.0
2,197,0.0
2,198,0.0
2,199,0.0
2,200,0.0
3,0,0.025
3,1,0.04
3,2,0.095
3,3,0.2
3,4,0.29
3,5,0.42
3,6,0.57
3,7,0.685
3,8,0.72
3,9,0.68
3,10,0.625
3,11,0.56
3,12,0.53
3,13,0.49
3,14,0.455
3,15,0.425
3,16,0.41
3,17,0.385
3,18,0.37
3,19,0.325
3,20,0.31
3,21,0.29
3,22,0.265
3,23,0.23
3,24,0.205
3,25,0.185
3,26,0.16
3,27,0.14
3,28,0.12
3,29,0.11
3,30,0.11
3,31,0.105
3,32,0.1
3,33,0.1
3,34,0.1
3,35,0.09
3,36,0.085
3,37,0.085
3,38,0.085
3,39,0.08
3,40,0.07
3,41,0.06
3,42,0.05
3,43,0.05
3,44,0.045
3,45,0.045
3,46,0.045
3,47,0.04
3,48,0.04
3,49,0.035
3,50,0.035
3,51,0.035
3,52,0.035
3,53,0.02
3,54,0.02
3,55,0.015
3,56,0.015
3,57,0.015
3,58,0.01
3,59,0.01
3,60,0.01
3,61,0.005
3,62,0.005
3,63,0.005
3,64,0.005
3,65,0.005
3,66,0.005
3,67,0.005
3,68,0.005
3,69,0.005
3,70,0.005
3,71,0.005
3,72,0.005
3,73,0.005
3,74,0.005
3,75,0.005
3,76,0.0
3,77,0.0
3,78,0.0
3,79,0.0
3,80,0.0
3,81,0.0
3,82,0.0
3,83,0.0
3,84,0.0
3,85,0.0
3,86,0.0
3,87,0.0
3,88,0.0
3,89,0.0
3,90,0.0
3,91,0.0
3,92,0.0
3,93,0.0
3,94,0.0
3,95,0.0
3,96,0.0
3,97,0.0
3,98,0.0
3,99,0.0
3,100,0.0
3,101,0.0
3,102,0.0
3,103,0.0
3,104,0.0
3,105,0.0
3,106,0.0
3,107,0.0
3,108,0.0
3,109,0.0
3,110,0.0
3,111,0.0
3,112,0.0
3,113,0.0
3,114,0.0
3,115,0.0
3,116,0.0
3,117,0.0
3,118,0.0
3,119,0.0
3,120,0.0
3,121,0.0
3,122,0.0
3,123,0.0
3,124,0.0
3,125,0.0
3,126,0.0
3,127,0.0
3,128,0.0
3,129,0.0
3,130,0.0
3,131,0.0
3,132,0.0
3,133,0.0
3,134,0.0
3,135,0.0
3,136,0.0
3,137,0.0
3,138,0.0
3,139,0.0
3,140,0.0
3,141,0.0
3,142,0.0
3,143,0.0
3,144,0.0
3,145,0.0
3,146,0.0
3,147,0.0
3,148,0.0
3,149,0.0
3,150,0.0
3,151,0.0
3,152,0.0
3,153,0.0
3,154,0.0
3,155,0.0
3,156,0.0
3,157,0.0
3,158,0.0
3,159,0.0
3,160,0.0
3,161,0.0
3,162,0.0
3,163,0.0
3,164,0.0
3,165,0.0
3,166,0.0
3,167,0.0
3,168,0.0
3,169,0.0
3,170,0.0
3,171,0.0
3,172,0.0
3,173,0.0
3,174,0.0
3,175,0.0
3,176,0.0
3,177,0.0
3,178,0.0
3,179,0.0
3,180,0.0
3,181,0.0
3,182,0.0
3,183,0.0
3,184,0.0
3,185,0.0
3,186,0.0
3,187,0.0
3,188,0.0
3,189,0.0
3,190,0.0
3,191,0.0
3,192,0.0
3,193,0.0
3,194,0.0
3,195,0.0
3,196,0.0
3,197,0.0
3,198,0.0
3,199,0.0
3,200,0.0
4,0,0.025
4,1,0.065
4,2,0.12
4,3,0.215
4,4,0.36
4,5,0.495
4,6,0.585
4,7,0.68
4,8,0.69
4,9,0.675
4,10,0.615
4,11,0.58
4,12,0.55
4,13,0.505
4,14,0.43
4,15,0.395
4,16,0.355
4,17,0.32
4,18,0.3
4,19,0.275
4,20,0.265
4,21,0.23
4,22,0.225
4,23,0.22
4,24,0.215
4,25,0.205
4,26,0.195
4,27,0.185
4,28,0.175
4,29,0.16
4,30,0.16
4,31,0.135
4,32,0.115
4,33,0.115
4,34,0.1
4,35,0.085
4,36,0.075
4,37,0.06
4,38,0.06
4,39,0.05
4,40,0.045
4,41,0.035
4,42,0.025
4,43,0.02
4,44,0.015
4,45,0.015
4,46,0.015
4,47,0.015
4,48,0.01
4,49,0.01
4,50,0.01
4,51,0.01
4,52,0.01
4,53,0.01
4,54,0.01
4,55,0.01
4,56,0.01
4,57,0.01
4,58,0.01
4,59,0.005
4,60,0.005
4,61,0.005
4,62,0.005
4,63,0.005
4,64,0.005
4,65,0.0
4,66,0.0
4,67,0.0
4,68,0.0
4,69,0.0
4,70,0.0
4,71,0.0
4,72,0.0
4,73,0.0
4,74,0.0
4,75,0.0
4,76,0.0
4,77,0.0
4,78,0.0
4,79,0.0
4,80,0.0
4,81,0.0
4,82,0.0
4,83,0.0
4,84,0.0
4,85,0.0
4,86,0.0
4,87,0.0
4,88,0.0
4,89,0.0
4,90,0.0
4,91,0.0
4,92,0.0
4,93,0.0
4,94,0.0
4,95,0.0
4,96,0.0
4,97,0.0
4,98,0.0
4,99,0.0
4,100,0.0
4,101,0.0
4,102,0.0
4,103,0.0
4,104,0.0
4,105,0.0
4,106,0.0
4,107,0.0
4,108,0.0
4,109,0.0
4,110,0.0
4,111,0.0
4,112,0.0
4,113,0.0
4,114,0.0
4,115,0.0
4,116,0.0
4,117,0.0
4,118,0.0
4,119,0.0
4,120,0.0
4,121,0.0
4,122,0.0
4,123,0.0
4,124,0.0
4,125,0.0
4,126,0.0
4,127,0.0
4,128,0.0
4,129,0.0
4,130,0.0
4,131,0.0
4,132,0.0
4,133,0.0
4,134,0.0
4,135,0.0
4,136,0.0
4,137,0.0
4,138,0.0
4,139,0.0
4,140,0.0
4,141,0.0
4,142,0.0
4,143,0.0
4,144,0.0
4,145,0.0
4,146,0.0
4,147,0.0
4,148,0.0
4,149,0.0
4,150,0.0
4,151,0.0
4,152,0.0
4,153,0.0
4,154,0.0
4,155,0.0
4,156,0.0
4,157,0.0
4,158,0.0
4,159,0.0
4,160,0.0
4,161,0.0
4,162,0.0
4,163,0.0
4,164,0.0
4,165,0.0
4,166,0.0
4,167,0.0
4,168,0.0
4,169,0.0
4,170,0.0
4,171,0.0
4,172,0.0
4,173,0.0
4,174,0.0
4,175,0.0
4,176,0.0
4,177,0.0
4,178,0.0
4,179,0.0
4,180,0.0
4,181,0.0
4,182,0.0
4,183,0.0
4,184,0.0
4,185,0.0
4,186,0.0
4,187,0.0
4,188,0.0
4,189,0.0
4,190,0.0
4,191,0.0
4,192,0.0
4,193,0.0
4,194,0.0
4,195,0.0
4,196,0.0
4,197,0.0
4,198,0.0
4,199,0.0
4,200,0.0
5,0,0.025
5,1,0.06
5,2,0.13
5,3,0.195
5,4,0.255
5,5,0.355
5,6,0.455
5,7,0.56
5,8,0.645
5,9,0.665
5,10,0.64
5,11,0.62
5,12,0.56
5,13,0.525
5,14,0.48
5,15,0.435
5,16,0.395
5,17,0.37
5,18,0.345
5,19,0.325
5,20,0.315
5,21,0.3
5,22,0.275
5,23,0.265
5,24,0.245
5,25,0.215
5,26,0.2
5,27,0.195
5,28,0.18
5,29,0.155
5,30,0.145
5,31,0.135
5,32,0.13
5,33,0.12
5,34,0.115
5,35,0.085
5,36,0.085
5,37,0.07
5,38,0.06
5,39,0.055
5,40,0.055
5,41,0.05
5,42,0.045
5,43,0.04
5,44,0.04
5,45,0.035
5,46,0.035
5,47,0.03
5,48,0.03
5,49,0.025
5,50,0.025
5,51,0.02
5,52,0.02
5,53,0.02
5,54,0.02
5,55,0.02
5,56,0.02
5,57,0.015
5,58,0.015
5,59,0.015
5,60,0.015
5,61,0.015
5,62,0.015
5,63,0.01
5,64,0.01
5,65,0.01
5,66,0.01
5,67,0.01
5,68,0.01
5,69,0.005
5,70,0.005
5,71,0.005
5,72,0.005
5,73,0.005
5,74,0.005
5,75,0.005
5,76,0.005
5,77,0.005
5,78,0.005
5,79,0.005
5,80,0.005
5,81,0.005
5,82,0.005
5,83,0.005
5,84,0.005
5,85,0.005
5,86,0.005
5,87,0.005
5,88,0.005
5,89,0.005
5,90,0.005
5,91,0.005
5,92,0.005
5,93,0.005
5,94,0.005
5,95,0.005
5,96,0.005
5,97,0.005
5,98,0.005
5,99,0.005
5,100,0.005
5,101,0.005
5,102,0.0
5,103,0.0
5,104,0.0
5,105,0.0
5,106,0.0
5,107,0.0
5,108,0.0
5,109,0.0
5,110,0.0
5,111,0.0
5,112,0.0
5,113,0.0
5,114,0.0
5,115,0.0
5,116,0.0
5,117,0.0
5,118,0.0
5,119,0.0
5,120,0.0
5,121,0.0
5,122,0.0
5,123,0.0
5,124,0.0
5,125,0.0
5,126,0.0
5,127,0.0
5,128,0.0
5,129,0.0
5,130,0.0
5,131,0.0
5,132,0.0
5,133,0.0
5,134,0.0
5,135,0.0
5,136,0.0
5,137,0.0
5,138,0.0
5,139,0.0
5,140,0.0
5,141,0.0
5,142,0.0
5,143,0.0
5,144,0.0
5,145,0.0
5,146,0.0
5,147,0.0
5,148,0.0
5,149,0.0
5,150,0.0
5,151,0.0
5,152,0.0
5,153,0.0
5,154,0.0
5,155,0.0
5,156,0.0
5,157,0.0
5,158,0.0
5,159,0.0
5,160,0.0
5,161,0.0
5,162,0.0
5,163,0.0
5,164,0.0
5,165,0.0
5,166,0.0
5,167,0.0
5,168,0.0
5,169,0.0
5,170,0.0
5,171,0.0
5,172,0.0
5,173,0.0
5,174,0.0
5,175,0.0
5,176,0.0
5,177,0.0
5,178,0.0
5,179,0.0
5,180,0.0
5,181,0.0
5,182,0.0
5,183,0.0
5,184,0.0
5,185,0.0
5,186,0.0
5,187,0.0
5,188,0.0
5,189,0.0
5,190,0.0
5,191,0.0
5,192,0.0
5,193,0.0
5,194,0.0
5,195,0.0
5,196,0.0
5,197,0.0
5,198,0.0
5,199,0.0
5,200,0.0
6,0,0.025
6,1,0.055
6,2,0.095
6,3,0.155
6,4,0.22
6,5,0.305
6,6,0.455
6,7,0.615
6,8,0.69
6,9,0.69
6,10,0.64
6,11,0.59
6,12,0.525
6,13,0.49
6,14,0.455
6,15,0.43
6,16,0.4
6,17,0.38
6,18,0.36
6,19,0.32
6,20,0.28
6,21,0.27
6,22,0.25
6,23,0.235
6,24,0.225
6,25,0.215
6,26,0.2
6,27,0.17
6,28,0.17
6,29,0.165
6,30,0.155
6,31,0.14
6,32,0.12
6,33,0.105
6,34,0.1
6,35,0.095
6,36,0.085
6,37,0.065
6,38,0.055
6,39,0.05
6,40,0.05
6,41,0.05
6,42,0.05
6,43,0.05
6,44,0.05
6,45,0.05
6,46,0.045
6,47,0.04
6,48,0.04
6,49,0.03
6,50,0.03
6,51,0.03
6,52,0.03
6,53,0.025
6,54,0.02
6,55,0.015
6,56,0.01
6,57,0.01
6,58,0.01
6,59,0.005
6,60,0.005
6,61,0.005
6,62,0.005
6,63,0.005
6,64,0.005
6,65,0.005
6,66,0.005
6,67,0.005
6,68,0.005
6,69,0.005
6,70,0.005
6,71,0.005
6,72,0.005
6,73,0.005
6,74,0.005
6,75,0.005
6,76,0.005
6,77,0.005
6,78,0.005
6,79,0.005
6,80,0.005
6,81,0.005
6,82,0.005
6,83,0.005
6,84,0.005
6,85,0.005
6,86,0.005
6,87,0.005
6,88,0.005
6,89,0.0
6,90,0.0
6,91,0.0
6,92,0.0
6,93,0.0
6,94,0.0
6,95,0.0
6,96,0.0
6,97,0.0
6,98,0.0
6,99,0.0
6,100,0.0
6,101,0.0
6,102,0.0
6,103,0.0
6,104,0.0
6,105,0.0
6,106,0.0
6,107,0.0
6,108,0.0
6,109,0.0
6,110,0.0
6,111,0.0
6,112,0.0
6,113,0.0
6,114,0.0
6,115,0.0
6,116,0.0
6,117,0.0
6,118,0.0
6,119,0.0
6,120,0.0
6,121,0.0
6,122,0.0
6,123,0.0
6,124,0.0
6,125,0.0
6,126,0.0
6,127,0.0
6,128,0.0
6,129,0.0
6,130,0.0
6,131,0.0
6,132,0.0
6,133,0.0
6,134,0.0
6,135,0.0
6,136,0.0
6,137,0.0
6,138,0.0
6,139,0.0
6,140,0.0
6,141,0.0
6,142,0.0
6,143,0.0
6,144,0.0
6,145,0.0
6,146,0.0
6,147,0.0
6,148,0.0
6,149,0.0
6,150,0.0
6,151,0.0
6,152,0.0
6,153,0.0
6,154,0.0
6,155,0.0
6,156,0.0
6,157,0.0
6,158,0.0
6,159,0.0
6,160,0.0
6,161,0.0
6,162,0.0
6,163,0.0
6,164,0.0
6,165,0.0
6,166,0.0
6,167,0.0
6,168,0.0
6,169,0.0
6,170,0.0
6,171,0.0
6,172,0.0
6,173,0.0
6,174,0.0
6,175,0.0
6,176,0.0
6,177,0.0
6,178,0.0
6,179,0.0
6,180,0.0
6,181,0.0
6,182,0.0
6,183,0.0
6,184,0.0
6,185,0.0
6,186,0.0
6,187,0.0
6,188,0.0
6,189,0.0
6,190,0.0
6,191,0.0
6,192,0.0
6,193,0.0
6,194,0.0
6,195,0.0
6,196,0.0
6,197,0.0
6,198,0.0
6,199,0.0
6,200,0.0
7,0,0.025
7,1,0.075
7,2,0.125
7,3,0.22
7,4,0.265
7,5,0.405
7,6,0.525
7,7,0.605
7,8,0.65
7,9,0.61
7,10,0.595
7,11,0.495
7,12,0.46
7,13,0.395
7,14,0.37
7,15,0.335
7,16,0.31
7,17,0.28
7,18,0.25
7,19,0.235
7,20,0.22
7,21,0.205
7,22,0.175
7,23,0.165
7,24,0.14
7,25,0.135
7,26,0.125
7,27,0.115
7,28,0.105
7,29,0.095
7,30,0.095
7,31,0.09
7,32,0.09
7,33,0.09
7,34,0.07
7,35,0.065
7,36,0.065
7,37,0.055
7,38,0.05
7,39,0.035
7,40,0.035
7,41,0.035
7,42,0.03
7,43,0.03
7,44,0.03
7,45,0.025
7,46,0.025
7,47,0.025
7,48,0.025
7,49,0.02
7,50,0.02
7,51,0.015
7,52,0.015
7,53,0.015
7,54,0.015
7,55,0.01
7,56,0.01
7,57,0.01
7,58,0.01
7,59,0.01
7,60,0.005
7,61,0.005
7,62,0.005
7,63,0.005
7,64,0.005
7,65,0.005
7,66,0.005
7,67,0.005
7,68,0.005
7,69,0.005
7,70,0.005
7,71,0.005
7,72,0.005
7,73,0.005
7,74,0.005
7,75,0.005
7,76,0.0
7,77,0.0
7,78,0.0
7,79,0.0
7,80,0.0
7,81,0.0
7,82,0.0
7,83,0.0
7,84,0.0
7,85,0.0
7,86,0.0
7,87,0.0
7,88,0.0
7,89,0.0
7,90,0.0
7,91,0.0
7,92,0.0
7,93,0.0
7,94,0.0
7,95,0.0
7,96,0.0
7,97,0.0
7,98,0.0
7,99,0.0
7,100,0.0
7,101,0.0
7,102,0.0
7,103,0.0
7,104,0.0
7,105,0.0
7,106,0.0
7,107,0.0
7,108,0.0
7,109,0.0
7,110,0.0
7,111,0.0
7,112,0.0
7,113,0.0
7,114,0.0
7,115,0.0
7,116,0.0
7,117,0.0
7,118,0.0
7,119,0.0
7,120,0.0
7,121,0.0
7,122,0.0
7,123,0.0
7,124,0.0
7,125,0.0
7,126,0.0
7,127,0.0
7,128,0.0
7,129,0.0
7,130,0.0
7,131,0.0
7,132,0.0
7,133,0.0
7,134,0.0
7,135,0.0
7,136,0.0
7,137,0.0
7,138,0.0
7,139,0.0
7,140,0.0
7,141,0.0
7,142,0.0
7,143,0.0
7,144,0.0
7,145,0.0
7,146,0.0
7,147,0.0
7,148,0.0
7,149,0.0
7,150,0.0
7,151,0.0
7,152,0.0
7,153,0.0
7,154,0.0
7,155,0.0
7,156,0.0
7,157,0.0
7,158,0.0
7,159,0.0
7,160,0.0
7,161,0.0
7,162,0.0
7,163,0.0
7,164,0.0
7,165,0.0
7,166,0.0
7,167,0.0
7,168,0.0
7,169,0.0
7,170,0.0
7,171,0.0
7,172,0.0
7,173,0.0
7,174,0.0
7,175,0.0
7,176,0.0
7,177,0.0
7,178,0.0
7,179,0.0
7,180,0.0
7,181,0.0
7,182,0.0
7,183,0.0
7,184,0.0
7,185,0.0
7,186,0.0
7,187,0.0
7,188,0.0
7,189,0.0
7,190,0.0
7,191,0.0
7,192,0.0
7,193,0.0
7,194,0.0
7,195,0.0
7,196,0.0
7,197,0.0
7,198,0.0
7,199,0.0
7,200,0.0
8,0,0.025
8,1,0.04
8,2,0.075
8,3,0.115
8,4,0.175
8,5,0.3
8,6,0.41
8,7,0.475
8,8,0.56
8,9,0.605
8,10,0.63
8,11,0.64
8,12,0.595
8,13,0.585
8,14,0.545
8,15,0.52
8,16,0.485
8,17,0.445
8,18,0.385
8,19,0.36
8,20,0.36
8,21,0.315
8,22,0.31
8,23,0.285
8,24,0.285
8,25,0.26
8,26,0.235
8,27,0.22
8,28,0.195
8,29,0.18
8,30,0.155
8,31,0.14
8,32,0.12
8,33,0.1
8,34,0.095
8,35,0.085
8,36,0.08
8,37,0.075
8,38,0.07
8,39,0.055
8,40,0.05
8,41,0.045
8,42,0.04
8,43,0.035
8,44,0.03
8,45,0.03
8,46,0.025
8,47,0.02
8,48,0.02
8,49,0.02
8,50,0.02
8,51,0.015
8,52,0.01
8,53,0.01
8,54,0.01
8,55,0.005
8,56,0.005
8,57,0.005
8,58,0.005
8,59,0.005
8,60,0.005
8,61,0.005
8,62,0.005
8,63,0.005
8,64,0.005
8,65,0.005
8,66,0.0
8,67,0.0
8,68,0.0
8,69,0.0
8,70,0.0
8,71,0.0
8,72,0.0
8,73,0.0
8,74,0.0
8,75,0.0
8,76,0.0
8,77,0.0
8,78,0.0
8,79,0.0
8,80,0.0
8,81,0.0
8,82,0.0
8,83,0.0
8,84,0.0
8,85,0.0
8,86,0.0
8,87,0.0
8,88,0.0
8,89,0.0
8,90,0.0
8,91,0.0
8,92,0.0
8,93,0.0
8,94,0.0
8,95,0.0
8,96,0.0
8,97,0.0
8,98,0.0
8,99,0.0
8,100,0.0
8,101,0.0
8,102,0.0
8,103,0.0
8,104,0.0
8,105,0.0
8,106,0.0
8,107,0.0
8,108,0.0
8,109,0.0
8,110,0.0
8,111,0.0
8,112,0.0
8,113,0.0
8,114,0.0
8,115,0.0
8,116,0.0
8,117,0.0
8,118,0.0
8,119,0.0
8,120,0.0
8,121,0.0
8,122,0.0
8,123,0.0
8,124,0.0
8,125,0.0
8,126,0.0
8,127,0.0
8,128,0.0
8,129,0.0
8,130,0.0
8,131,0.0
8,132,0.0
8,133,0.0
8,134,0.0
8,135,0.0
8,136,0.0
8,137,0.0
8,138,0.0
8,139,0.0
8,140,0.0
8,141,0.0
8,142,0.0
8,143,0.0
8,144,0.0
8,145,0.0
8,146,0.0
8,147,0.0
8,148,0.0
8,149,0.0
8,150,0.0
8,151,0.0
8,152,0.0
8,153,0.0
8,154,0.0
8,155,0.0
8,156,0.0
8,157,0.0
8,158,0.0
8,159,0.0
8,160,0.0
8,161,0.0
8,162,0.0
8,163,0.0
8,164,0.0
8,165,0.0
8,166,0.0
8,167,0.0
8,168,0.0
8,169,0.0
8,170,0.0
8,171,0.0
8,172,0.0
8,173,0.0
8,174,0.0
8,175,0.0
8,176,0.0
8,177,0.0
8,178,0.0
8,179,0.0
8,180,0.0
8,181,0.0
8,182,0.0
8,183,0.0
8,184,0.0
8,185,0.0
8,186,0.0
8,187,0.0
8,188,0.0
8,189,0.0
8,190,0.0
8,191,0.0
8,192,0.0
8,193,0.0
8,194,0.0
8,195,0.0
8,196,0.0
8,197,0.0
8,198,0.0
8,199,0.0
8,200,0.0
9,0,0.025
9,1,0.075
9,2,0.155
9,3,0.25
9,4,0.37
9,5,0.48
9,6,0.605
9,7,0.665
9,8,0.665
9,9,0.65
9,10,0.615
9,11,0.575
9,12,0.54
9,13,0.52
9,14,0.475
9,15,0.455
9,16,0.425
9,17,0.38
9,18,0.355
9,19,0.33
9,20,0.32
9,21,0.285
9,22,0.255
9,23,0.245
9,24,0.235
9,25,0.23
9,26,0.2
9,27,0.175
9,28,0.16
9,29,0.135
9,30,0.13
9,31,0.125
9,32,0.11
9,33,0.09
9,34,0.08
9,35,0.065
9,36,0.065
9,37,0.06
9,38,0.055
9,39,0.045
9,40,0.04
9,41,0.035
9,42,0.035
9,43,0.03
9,44,0.015
9,45,0.015
9,46,0.015
9,47,0.015
9,48,0.015
9,49,0.01
9,50,0.01
9,51,0.01
9,52,0.01
9,53,0.005
9,54,0.0
9,55,0.0
9,56,0.0
9,57,0.0
9,58,0.0
9,59,0.0
9,60,0.0
9,61,0.0
9,62,0.0
9,63,0.0
9,64,0.0
9,65,0.0
9,66,0.0
9,67,0.0
9,68,0.0
9,69,0.0
9,70,0.0
9,71,0.0
9,72,0.0
9,73,0.0
9,74,0.0
9,75,0.0
9,76,0.0
9,77,0.0
9,78,0.0
9,79,0.0
9,80,0.0
9,81,0.0
9,82,0.0
9,83,0.0
9,84,0.0
9,85,0.0
9,86,0.0
9,87,0.0
9,88,0.0
9,89,0.0
9,90,0.0
9,91,0.0
9,92,0.0
9,93,0.0
9,94,0.0
9,95,0.0
9,96,0.0
9,97,0.0
9,98,0.0
9,99,0.0
9,100,0.0
9,101,0.0
9,102,0.0
9,103,0.0
9,104,0.0
9,105,0.0
9,106,0.0
9,107,0.0
9,108,0.0
9,109,0.0
9,110,0.0
9,111,0.0
9,112,0.0
9,113,0.0
9,114,0.0
9,115,0.0
9,116,0.0
9,117,0.0
9,118,0.0
9,119,0.0
9,120,0.0
9,121,0.0
9,122,0.0
9,123,0.0
9,124,0.0
9,125,0.0
9,126,0.0
9,127,0.0
9,128,0.0
9,129,0.0
9,130,0.0
9,131,0.0
9,132,0.0
9,133,0.0
9,134,0.0
9,135,0.0
9,136,0.0
9,137,0.0
9,138,0.0
9,139,0.0
9,140,0.0
9,141,0.0
9,142,0.0
9,143,0.0
9,144,0.0
9,145,0.0
9,146,0.0
9,147,0.0
9,148,0.0
9,149,0.0
9,150,0.0
9,151,0.0
9,152,0.0
9,153,0.0
9,154,0.0
9,155,0.0
9,156,0.0
9,157,0.0
9,158,0.0
9,159,0.0
9,160,0.0
9,161,0.0
9,162,0.0
9,163,0.0
9,164,0.0
9,165,0.0
9,166,0.0
9,167,0.0
9,168,0.0
9,169,0.0
9,170,0.0
9,171,0.0
9,172,0.0
9,173,0.0
9,174,0.0
9,175,0.0
9,176,0.0
9,177,0.0
9,178,0.0
9,179,0.0
9,180,0.0
9,181,0.0
9,182,0.0
9,183,0.0
9,184,0.0
9,185,0.0
9,186,0.0
9,187,0.0
9,188,0.0
9,189,0.0
9,190,0.0
9,191,0.0
9,192,0.0
9,193,0.0
9,194,0.0
9,195,0.0
9,196,0.0
9,197,0.0
9,198,0.0
9,199,0.0
9,200,0.0
10,0,0.025
10,1,0.035
10,2,0.055
10,3,0.09
10,4,0.13
10,5,0.17
10,6,0.22
10,7,0.285
10,8,0.36
10,9,0.465
10,10,0.6
10,11,0.66
10,12,0.665
10,13,0.64
10,14,0.595
10,15,0.565
10,16,0.515
10,17,0.475
10,18,0.44
10,19,0.415
10,20,0.39
10,21,0.37
10,22,0.355
10,23,0.32
10,24,0.31
10,25,0.295
10,26,0.27
10,27,0.26
10,28,0.25
10,29,0.235
10,30,0.205
10,31,0.195
10,32,0.175
10,33,0.165
10,34,0.15
10,35,0.145
10,36,0.135
10,37,0.135
10,38,0.135
10,39,0.115
10,40,0.105
10,41,0.095
10,42,0.085
10,43,0.08
10,44,0.08
10,45,0.08
10,46,0.08
10,47,0.075
10,48,0.075
10,49,0.075
10,50,0.07
10,51,0.065
10,52,0.06
10,53,0.055
10,54,0.05
10,55,0.05
10,56,0.045
10,57,0.045
10,58,0.04
10,59,0.04
10,60,0.04
10,61,0.025
10,62,0.025
10,63,0.02
10,64,0.02
10,65,0.01
10,66,0.01
10,67,0.01
10,68,0.005
10,69,0.005
10,70,0.005
10,71,0.005
10,72,0.005
10,73,0.005
10,74,0.005
10,75,0.005
10,76,0.005
10,77,0.005
10,78,0.005
10,79,0.005
10,80,0.005
10,81,0.005
10,82,0.005
10,83,0.005
10,84,0.005
10,85,0.005
10,86,0.005
10,87,0.005
10,88,0.005
10,89,0.005
10,90,0.005
10,91,0.005
10,92,0.005
10,93,0.005
10,94,0.005
10,95,0.005
10,96,0.005
10,97,0.005
10,98,0.005
10,99,0.005
10,100,0.005
10,101,0.005
10,102,0.005
10,103,0.005
10,104,0.005
10,105,0.005
10,106,0.005
10,107,0.0
10,108,0.0
10,109,0.0
10,110,0.0
10,111,0.0
10,112,0.0
10,113,0.0
10,114,0.0
10,115,0.0
10,116,0.0
10,117,0.0
10,118,0.0
10,119,0.0
10,120,0.0
10,121,0.0
10,122,0.0
10,123,0.0
10,124,0.0
10,125,0.0
10,126,0.0
10,127,0.0
10,128,0.0
10,129,0.0
10,130,0.0
10,131,0.0
10,132,0.0
10,133,0.0
10,134,0.0
10,135,0.0
10,136,0.0
10,137,0.0
10,138,0.0
10,139,0.0
10,140,0.0
10,141,0.0
10,142,0.0
10,143,0.0
10,144,0.0
10,145,0.0
10,146,0.0
10,147,0.0
10,148,0.0
10,149,0.0
10,150,0.0
10,151,0.0
10,152,0.0
10,153,0.0
10,154,0.0
10,155,0.0
10,156,0.0
10,157,0.0
10,158,0.0
10,159,0.0
10,160,0.0
10,161,0.0
10,162,0.0
10,163,0.0
10,164,0.0
10,165,0.0
10,166,0.0
10,167,0.0
10,168,0.0
10,169,0.0
10,170,0.0
10,171,0.0
10,172,0.0
10,173,0.0
10,174,0.0
10,175,0.0
10,176,0.0
10,177,0.0
10,178,0.0
10,179,0.0
10,180,0.0
10,181,0.0
10,182,0.0
10,183,0.0
10,184,0.0
10,185,0.0
10,186,0.0
10,187,0.0
10,188,0.0
10,189,0.0
10,190,0.0
10,191,0.0
10,192,0.0
10,193,0.0
10,194,0.0
10,195,0.0
10,196,0.0
10,197,0.0
10,198,0.0
10,199,0.0
10,200,0.0
11,0,0.025
11,1,0.08
11,2,0.14
11,3,0.22
11,4,0.315
11,5,0.44
11,6,0.515
11,7,0.59
11,8,0.635
11,9,0.63
11,10,0.55
11,11,0.5
11,12,0.46
11,13,0.435
11,14,0.385
11,15,0.355
11,16,0.305
11,17,0.27
11,18,0.26
11,19,0.25
11,20,0.23
11,21,0.205
11,22,0.195
11,23,0.185
11,24,0.17
11,25,0.155
11,26,0.15
11,27,0.14
11,28,0.13
11,29,0.13
11,30,0.13
11,31,0.12
11,32,0.105
11,33,0.1
11,34,0.095
11,35,0.08
11,36,0.08
11,37,0.075
11,38,0.055
11,39,0.05
11,40,0.04
11,41,0.03
11,42,0.025
11,43,0.025
11,44,0.025
11,45,0.025
11,46,0.025
11,47,0.025
11,48,0.025
11,49,0.025
11,50,0.02
11,51,0.02
11,52,0.02
11,53,0.02
11,54,0.02
11,55,0.02
11,56,0.02
11,57,0.015
11,58,0.015
11,59,0.015
11,60,0.015
11,61,0.015
11,62,0.015
11,63,0.015
11,64,0.015
11,65,0.015
11,66,0.015
11,67,0.01
11,68,0.01
11,69,0.005
11,70,0.0
11,71,0.0
11,72,0.0
11,73,0.0
11,74,0.0
11,75,0.0
11,76,0.0
11,77,0.0
11,78,0.0
11,79,0.0
11,80,0.0
11,81,0.0
11,82,0.0
11,83,0.0
11,84,0.0
11,85,0.0
11,86,0.0
11,87,0.0
11,88,0.0
11,89,0.0
11,90,0.0
11,91,0.0
11,92,0.0
11,93,0.0
11,94,0.0
11,95,0.0
11,96,0.0
11,97,0.0
11,98,0.0
11,99,0.0
11,100,0.0
11,101,0.0
11,102,0.0
11,103,0.0
11,104,0.0
11,105,0.0
11,106,0.0
11,107,0.0
11,108,0.0
11,109,0.0
11,110,0.0
11,111,0.0
11,112,0.0
11,113,0.0
11,114,0.0
11,115,0.0
11,116,0.0
11,117,0.0
11,118,0.0
11,119,0.0
11,120,0.0
11,121,0.0
11,122,0.0
11,123,0.0
11,124,0.0
11,125,0.0
11,126,0.0
11,127,0.0
11,128,0.0
11,129,0.0
11,130,0.0
11,131,0.0
11,132,0.0
11,133,0.0
11,134,0.0
11,135,0.0
11,136,0.0
11,137,0.0
11,138,0.0
11,139,0.0
11,140,0.0
11,141,0.0
11,142,0.0
11,143,0.0
11,144,0.0
11,145,0.0
11,146,0.0
11,147,0.0
11,148,0.0
11,149,0.0
11,150,0.0
11,151,0.0
11,152,0.0
11,153,0.0
11,154,0.0
11,155,0.0
11,156,0.0
11,157,0.0
11,158,0.0
11,159,0.0
11,160,0.0
11,161,0.0
11,162,0.0
11,163,0.0
11,164,0.0
11,165,0.0
11,166,0.0
11,167,0.0
11,168,0.0
11,169,0.0
11,170,0.0
11,171,0.0
11,172,0.0
11,173,0.0
11,174,0.0
11,175,0.0
11,176,0.0
11,177,0.0
11,178,0.0
11,179,0.0
11,180,0.0
11,181,0.0
11,182,0.0
11,183,0.0
11,184,0.0
11,185,0.0
11,186,0.0
11,187,0.0
11,188,0.0
11,189,0.0
11,190,0.0
11,191,0.0
11,192,0.0
11,193,0.0
11,194,0.0
11,195,0.0
11,196,0.0
11,197,0.0
11,198,0.0
11,199,0.0
11,200,0.0
12,0,0.025
12,1,0.09
12,2,0.18
12,3,0.305
12,4,0.525
12,5,0.675
12,6,0.74
12,7,0.77
12,8,0.765
12,9,0.69
12,10,0.625
12,11,0.57
12,12,0.53
12,13,0.445
12,14,0.425
12,15,0.385
12,16,0.375
12,17,0.345
12,18,0.315
12,19,0.285
12,20,0.255
12,21,0.23
12,22,0.2
12,23,0.175
12,24,0.175
12,25,0.145
12,26,0.135
12,27,0.12
12,28,0.115
12,29,0.11
12,30,0.105
12,31,0.1
12,32,0.095
12,33,0.09
12,34,0.075
12,35,0.065
12,36,0.055
12,37,0.055
12,38,0.04
12,39,0.04
12,40,0.04
12,41,0.035
12,42,0.035
12,43,0.035
12,44,0.035
12,45,0.03
12,46,0.025
12,47,0.02
12,48,0.02
12,49,0.02
12,50,0.015
12,51,0.015
12,52,0.015
12,53,0.01
12,54,0.01
12,55,0.01
12,56,0.01
12,57,0.01
12,58,0.01
12,59,0.01
12,60,0.005
12,61,0.005
12,62,0.005
12,63,0.005
12,64,0.005
12,65,0.005
12,66,0.005
12,67,0.005
12,68,0.0
12,69,0.0
12,70,0.0
12,71,0.0
12,72,0.0
12,73,0.0
12,74,0.0
12,75,0.0
12,76,0.0
12,77,0.0
12,78,0.0
12,79,0.0
12,80,0.0
12,81,0.0
12,82,0.0
12,83,0.0
12,84,0.0
12,85,0.0
12,86,0.0
12,87,0.0
12,88,0.0
12,89,0.0
12,90,0.0
12,91,0.0
12,92,0.0
12,93,0.0
12,94,0.0
12,95,0.0
12,96,0.0
12,97,0.0
12,98,0.0
12,99,0.0
12,100,0.0
12,101,0.0
12,102,0.0
12,103,0.0
12,104,0.0
12,105,0.0
12,106,0.0
12,107,0.0
12,108,0.0
12,109,0.0
12,110,0.0
12,111,0.0
12,112,0.0
12,113,0.0
12,114,0.0
12,115,0.0
12,116,0.0
12,117,0.0
12,118,0.0
12,119,0.0
12,120,0.0
12,121,0.0
12,122,0.0
12,123,0.0
12,124,0.0
12,125,0.0
12,126,0.0
12,127,0.0
12,128,0.0
12,129,0.0
12,130,0.0
12,131,0.0
12,132,0.0
12,133,0.0
12,134,0.0
12,135,0.0
12,136,0.0
12,137,0.0
12,138,0.0
12,139,0.0
12,140,0.0
12,141,0.0
12,142,0.0
12,143,0.0
12,144,0.0
12,145,0.0
12,146,0.0
12,147,0.0
12,148,0.0
12,149,0.0
12,150,0.0
12,151,0.0
12,152,0.0
12,153,0.0
12,154,0.0
12,155,0.0
12,156,0.0
12,157,0.0
12,158,0.0
12,159,0.0
12,160,0.0
12,161,0.0
12,162,0.0
12,163,0.0
12,164,0.0
12,165,0.0
12,166,0.0
12,167,0.0
12,168,0.0
12,169,0.0
12,170,0.0
12,171,0.0
12,172,0.0
12,173,0.0
12,174,0.0
12,175,0.0
12,176,0.0
12,177,0.0
12,178,0.0
12,179,0.0
12,180,0.0
12,181,0.0
12,182,0.0
12,183,0.0
12,184,0.0
12,185,0.0
12,186,0.0
12,187,0.0
12,188,0.0
12,189,0.0
12,190,0.0
12,191,0.0
12,192,0.0
12,193,0.0
12,194,0.0
12,195,0.0
12,196,0.0
12,197,0.0
12,198,0.0
12,199,0.0
12,200,0.0
13,0,0.025
13,1,0.06
13,2,0.155
13,3,0.255
13,4,0.41
13,5,0.55
13,6,0.64
13,7,0.67
13,8,0.67
13,9,0.645
13,10,0.625
13,11,0.575
13,12,0.5
13,13,0.465
13,14,0.42
13,15,0.345
13,16,0.31
13,17,0.29
13,18,0.26
13,19,0.205
13,20,0.195
13,21,0.185
13,22,0.17
13,23,0.16
13,24,0.13
13,25,0.125
13,26,0.12
13,27,0.11
13,28,0.1
13,29,0.1
13,30,0.085
13,31,0.08
13,32,0.07
13,33,0.06
13,34,0.06
13,35,0.06
13,36,0.05
13,37,0.045
13,38,0.035
13,39,0.03
13,40,0.03
13,41,0.025
13,42,0.025
13,43,0.02
13,44,0.02
13,45,0.015
13,46,0.01
13,47,0.01
13,48,0.01
13,49,0.01
13,50,0.005
13,51,0.005
13,52,0.005
13,53,0.005
13,54,0.005
13,55,0.005
13,56,0.005
13,57,0.0
13,58,0.0
13,59,0.0
13,60,0.0
13,61,0.0
13,62,0.0
13,63,0.0
13,64,0.0
13,65,0.0
13,66,0.0
13,67,0.0
13,68,0.0
13,69,0.0
13,70,0.0
13,71,0.0
13,72,0.0
13,73,0.0
13,74,0.0
13,75,0.0
13,76,0.0
13,77,0.0
13,78,0.0
13,79,0.0
13,80,0.0
13,81,0.0
13,82,0.0
13,83,0.0
13,84,0.0
13,85,0.0
13,86,0.0
13,87,0.0
13,88,0.0
13,89,0.0
13,90,0.0
13,91,0.0
13,92,0.0
13,93,0.0
13,94,0.0
13,95,0.0
13,96,0.0
13,97,0.0
13,98,0.0
13,99,0.0
13,100,0.0
13,101,0.0
13,102,0.0
13,103,0.0
13,104,0.0
13,105,0.0
13,106,0.0
13,107,0.0
13,108,0.0
13,109,0.0
13,110,0.0
13,111,0.0
13,112,0.0
13,113,0.0
13,114,0.0
13,115,0.0
13,116,0.0
13,117,0.0
13,118,0.0
13,119,0.0
13,120,0.0
13,121,0.0
13,122,0.0
13,123,0.0
13,124,0.0
13,125,0.0
13,126,0.0
13,127,0.0
13,128,0.0
13,129,0.0
13,130,0.0
13,131,0.0
13,132,0.0
13,133,0.0
13,134,0.0
13,135,0.0
13,136,0.0
13,137,0.0
13,138,0.0
13,139,0.0
13,140,0.0
13,141,0.0
13,142,0.0
13,143,0.0
13,144,0.0
13,145,0.0
13,146,0.0
13,147,0.0
13,148,0.0
13,149,0.0
13,150,0.0
13,151,0.0
13,152,0.0
13,153,0.0
13,154,0.0
13,155,0.0
13,156,0.0
13,157,0.0
13,158,0.0
13,159,0.0
13,160,0.0
13,161,0.0
13,162,0.0
13,163,0.0
13,164,0.0
13,165,0.0
13,166,0.0
13,167,0.0
13,168,0.0
13,169,0.0
13,170,0.0
13,171,0.0
13,172,0.0
13,173,0.0
13,174,0.0
13,175,0.0
13,176,0.0
13,177,0.0
13,178,0.0
13,179,0.0
13,180,0.0
13,181,0.0
13,182,0.0
13,183,0.0
13,184,0.0
13,185,0.0
13,186,0.0
13,187,0.0
13,188,0.0
13,189,0.0
13,190,0.0
13,191,0.0
13,192,0.0
13,193,0.0
13,194,0.0
13,195,0.0
13,196,0.0
13,197,0.0
13,198,0.0
13,199,0.0
13,200,0.0
14,0,0.025
14,1,0.05
14,2,0.075
14,3,0.115
14,4,0.17
14,5,0.275
14,6,0.34
14,7,0.435
14,8,0.6
14,9,0.67
14,10,0.69
14,11,0.66
14,12,0.61
14,13,0.565
14,14,0.525
14,15,0.475
14,16,0.39
14,17,0.345
14,18,0.31
14,19,0.28
14,20,0.26
14,21,0.24
14,22,0.205
14,23,0.185
14,24,0.18
14,25,0.165
14,26,0.16
14,27,0.15
14,28,0.145
14,29,0.125
14,30,0.115
14,31,0.105
14,32,0.09
14,33,0.09
14,34,0.08
14,35,0.075
14,36,0.07
14,37,0.065
14,38,0.065
14,39,0.055
14,40,0.055
14,41,0.045
14,42,0.045
14,43,0.035
14,44,0.035
14,45,0.035
14,46,0.03
14,47,0.03
14,48,0.03
14,49,0.015
14,50,0.015
14,51,0.015
14,52,0.015
14,53,0.015
14,54,0.015
14,55,0.015
14,56,0.015
14,57,0.015
14,58,0.01
14,59,0.01
14,60,0.01
14,61,0.01
14,62,0.01
14,63,0.01
14,64,0.01
14,65,0.01
14,66,0.01
14,67,0.01
14,68,0.01
14,69,0.01
14,70,0.01
14,71,0.01
14,72,0.01
14,73,0.01
14,74,0.01
14,75,0.005
14,76,0.005
14,77,0.005
14,78,0.005
14,79,0.005
14,80,0.005
14,81,0.005
14,82,0.005
14,83,0.0
14,84,0.0
14,85,0.0
14,86,0.0
14,87,0.0
14,88,0.0
14,89,0.0
14,90,0.0
14,91,0.0
14,92,0.0
14,93,0.0
14,94,0.0
14,95,0.0
14,96,0.0
14,97,0.0
14,98,0.0
14,99,0.0
14,100,0.0
14,101,0.0
14,102,0.0
14,103,0.0
14,104,0.0
14,105,0.0
14,106,0.0
14,107,0.0
14,108,0.0
14,109,0.0
14,110,0.0
14,111,0.0
14,112,0.0
14,113,0.0
14,114,0.0
14,115,0.0
14,116,0.0
14,117,0.0
14,118,0.0
14,119,0.0
14,120,0.0
14,121,0.0
14,122,0.0
14,123,0.0
14,124,0.0
14,125,0.0
14,126,0.0
14,127,0.0
14,128,0.0
14,129,0.0
14,130,0.0
14,131,0.0
14,132,0.0
14,133,0.0
14,134,0.0
14,135,0.0
14,136,0.0
14,137,0.0
14,138,0.0
14,139,0.0
14,140,0.0
14,141,0.0
14,142,0.0
14,143,0.0
14,144,0.0
14,145,0.0
14,146,0.0
14,147,0.0
14,148,0.0
14,149,0.0
14,150,0.0
14,151,0.0
14,152,0.0
14,153,0.0
14,154,0.0
14,155,0.0
14,156,0.0
14,157,0.0
14,158,0.0
14,159,0.0
14,160,0.0
14,161,0.0
14,162,0.0
14,163,0.0
14,164,0.0
14,165,0.0
14,166,0.0
14,167,0.0
14,168,0.0
14,169,0.0
14,170,0.0
14,171,0.0
14,172,0.0
14,173,0.0
14,174,0.0
14,175,0.0
14,176,0.0
14,177,0.0
14,178,0.0
14,179,0.0
14,180,0.0
14,181,0.0
14,182,0.0
14,183,0.0
14,184,0.0
14,185,0.0
14,186,0.0
14,187,0.0
14,188,0.0
14,189,0.0
14,190,0.0
14,191,0.0
14,192,0.0
14,193,0.0
14,194,0.0
14,195,0.0
14,196,0.0
14,197,0.0
14,198,0.0
14,199,0.0
14,200,0.0
15,0,0.025
15,1,0.065
15,2,0.095
15,3,0.135
15,4,0.195
15,5,0.245
15,6,0.32
15,7,0.405
15,8,0.455
15,9,0.49
15,10,0.535
15,11,0.57
15,12,0.565
15,13,0.515
15,14,0.475
15,15,0.44
15,16,0.415
15,17,0.345
15,18,0.33
15,19,0.32
15,20,0.295
15,21,0.245
15,22,0.235
15,23,0.215
15,24,0.195
15,25,0.175
15,26,0.16
15,27,0.16
15,28,0.155
15,29,0.13
15,30,0.105
15,31,0.1
15,32,0.095
15,33,0.09
15,34,0.085
15,35,0.08
15,36,0.075
15,37,0.075
15,38,0.07
15,39,0.07
15,40,0.055
15,41,0.055
15,42,0.055
15,43,0.045
15,44,0.035
15,45,0.035
15,46,0.025
15,47,0.02
15,48,0.02
15,49,0.02
15,50,0.01
15,51,0.01
15,52,0.01
15,53,0.01
15,54,0.01
15,55,0.01
15,56,0.01
15,57,0.01
15,58,0.01
15,59,0.01
15,60,0.01
15,61,0.005
15,62,0.005
15,63,0.005
15,64,0.005
15,65,0.005
15,66,0.005
15,67,0.005
15,68,0.005
15,69,0.005
15,70,0.005
15,71,0.0
15,72,0.0
15,73,0.0
15,74,0.0
15,75,0.0
15,76,0.0
15,77,0.0
15,78,0.0
15,79,0.0
15,80,0.0
15,81,0.0
15,82,0.0
15,83,0.0
15,84,0.0
15,85,0.0
15,86,0.0
15,87,0.0
15,88,0.0
15,89,0.0
15,90,0.0
15,91,0.0
15,92,0.0
15,93,0.0
15,94,0.0
15,95,0.0
15,96,0.0
15,97,0.0
15,98,0.0
15,99,0.0
15,100,0.0
15,101,0.0
15,102,0.0
15,103,0.0
15,104,0.0
15,105,0.0
15,106,0.0
15,107,0.0
15,108,0.0
15,109,0.0
15,110,0.0
15,111,0.0
15,112,0.0
15,113,0.0
15,114,0.0
15,115,0.0
15,116,0.0
15,117,0.0
15,118,0.0
15,119,0.0
15,120,0.0
15,121,0.0
15,122,0.0
15,123,0.0
15,124,0.0
15,125,0.0
15,126,0.0
15,127,0.0
15,128,0.0
15,129,0.0
15,130,0.0
15,131,0.0
15,132,0.0
15,133,0.0
15,134,0.0
15,135,0.0
15,136,0.0
15,137,0.0
15,138,0.0
15,139,0.0
15,140,0.0
15,141,0.0
15,142,0.0
15,143,0.0
15,144,0.0
15,145,0.0
15,146,0.0
15,147,0.0
15,148,0.0
15,149,0.0
15,150,0.0
15,151,0.0
15,152,0.0
15,153,0.0
15,154,0.0
15,155,0.0
15,156,0.0
15,157,0.0
15,158,0.0
15,159,0.0
15,160,0.0
15,161,0.0
15,162,0.0
15,163,0.0
15,164,0.0
15,165,0.0
15,166,0.0
15,167,0.0
15,168,0.0
15,169,0.0
15,170,0.0
15,171,0.0
15,172,0.0
15,173,0.0
15,174,0.0
15,175,0.0
15,176,0.0
15,177,0.0
15,178,0.0
15,179,0.0
15,180,0.0
15,181,0.0
15,182,0.0
15,183,0.0
15,184,0.0
15,185,0.0
15,186,0.0
15,187,0.0
15,188,0.0
15,189,0.0
15,190,0.0
15,191,0.0
15,192,0.0
15,193,0.0
15,194,0.0
15,195,0.0
15,196,0.0
15,197,0.0
15,198,0.0
15,199,0.0
15,200,0.0
16,0,0.025
16,1,0.08
16,2,0.15
16,3,0.245
16,4,0.385
16,5,0.545
16,6,0.625
16,7,0.65
16,8,0.655
16,9,0.63
16,10,0.58
16,11,0.54
16,12,0.49
16,13,0.45
16,14,0.39
16,15,0.355
16,16,0.33
16,17,0.285
16,18,0.265
16,19,0.25
16,20,0.24
16,21,0.215
16,22,0.195
16,23,0.155
16,24,0.14
16,25,0.135
16,26,0.12
16,27,0.115
16,28,0.1
16,29,0.09
16,30,0.08
16,31,0.065
16,32,0.055
16,33,0.05
16,34,0.045
16,35,0.04
16,36,0.04
16,37,0.04
16,38,0.04
16,39,0.035
16,40,0.035
16,41,0.035
16,42,0.025
16,43,0.02
16,44,0.02
16,45,0.02
16,46,0.015
16,47,0.015
16,48,0.015
16,49,0.015
16,50,0.015
16,51,0.01
16,52,0.005
16,53,0.005
16,54,0.005
16,55,0.0
16,56,0.0
16,57,0.0
16,58,0.0
16,59,0.0
16,60,0.0
16,61,0.0
16,62,0.0
16,63,0.0
16,64,0.0
16,65,0.0
16,66,0.0
16,67,0.0
16,68,0.0
16,69,0.0
16,70,0.0
16,71,0.0
16,72,0.0
16,73,0.0
16,74,0.0
16,75,0.0
16,76,0.0
16,77,0.0
16,78,0.0
16,79,0.0
16,80,0.0
16,81,0.0
16,82,0.0
16,83,0.0
16,84,0.0
16,85,0.0
16,86,0.0
16,87,0.0
16,88,0.0
16,89,0.0
16,90,0.0
16,91,0.0
16,92,0.0
16,93,0.0
16,94,0.0
16,95,0.0
16,96,0.0
16,97,0.0
16,98,0.0
16,99,0.0
16,100,0.0
16,101,0.0
16,102,0.0
16,103,0.0
16,104,0.0
16,105,0.0
16,106,0.0
16,107,0.0
16,108,0.0
16,109,0.0
16,110,0.0
16,111,0.0
16,112,0.0
16,113,0.0
16,114,0.0
16,115,0.0
16,116,0.0
16,117,0.0
16,118,0.0
16,119,0.0
16,120,0.0
16,121,0.0
16,122,0.0
16,123,0.0
16,124,0.0
16,125,0.0
16,126,0.0
16,127,0.0
16,128,0.0
16,129,0.0
16,130,0.0
16,131,0.0
16,132,0.0
16,133,0.0
16,134,0.0
16,135,0.0
16,136,0.0
16,137,0.0
16,138,0.0
16,139,0.0
16,140,0.0
16,141,0.0
16,142,0.0
16,143,0.0
16,144,0.0
16,145,0.0
16,146,0.0
16,147,0.0
16,148,0.0
16,149,0.0
16,150,0.0
16,151,0.0
16,152,0.0
16,153,0.0
16,154,0.0
16,155,0.0
16,156,0.0
16,157,0.0
16,158,0.0
16,159,0.0
16,160,0.0
16,161,0.0
16,162,0.0
16,163,0.0
16,164,0.0
16,165,0.0
16,166,0.0
16,167,0.0
16,168,0.0
16,169,0.0
16,170,0.0
16,171,0.0
16,172,0.0
16,173,0.0
16,174,0.0
16,175,0.0
16,176,0.0
16,177,0.0
16,178,0.0
16,179,0.0
16,180,0.0
16,181,0.0
16,182,0.0
16,183,0.0
16,184,0.0
16,185,0.0
16,186,0.0
16,187,0.0
16,188,0.0
16,189,0.0
16,190,0.0
16,191,0.0
16,192,0.0
16,193,0.0
16,194,0.0
16,195,0.0
16,196,0.0
16,197,0.0
16,198,0.0
16,199,0.0
16,200,0.0
17,0,0.025
17,1,0.045
17,2,0.085
17,3,0.16
17,4,0.245
17,5,0.33
17,6,0.44
17,7,0.565
17,8,0.635
17,9,0.645
17,10,0.635
17,11,0.6
17,12,0.555
17,13,0.525
17,14,0.48
17,15,0.435
17,16,0.395
17,17,0.365
17,18,0.355
17,19,0.31
17,20,0.29
17,21,0.28
17,22,0.255
17,23,0.245
17,24,0.24
17,25,0.22
17,26,0.21
17,27,0.2
17,28,0.185
17,29,0.17
17,30,0.14
17,31,0.125
17,32,0.11
17,33,0.105
17,34,0.1
17,35,0.085
17,36,0.07
17,37,0.07
17,38,0.07
17,39,0.065
17,40,0.055
17,41,0.045
17,42,0.045
17,43,0.035
17,44,0.035
17,45,0.035
17,46,0.025
17,47,0.025
17,48,0.025
17,49,0.02
17,50,0.02
17,51,0.015
17,52,0.015
17,53,0.01
17,54,0.01
17,55,0.005
17,56,0.005
17,57,0.005
17,58,0.005
17,59,0.005
17,60,0.005
17,61,0.005
17,62,0.005
17,63,0.005
17,64,0.005
17,65,0.005
17,66,0.005
17,67,0.005
17,68,0.005
17,69,0.005
17,70,0.005
17,71,0.005
17,72,0.005
17,73,0.005
17,74,0.005
17,75,0.005
17,76,0.005
17,77,0.005
17,78,0.005
17,79,0.005
17,80,0.0
17,81,0.0
17,82,0.0
17,83,0.0
17,84,0.0
17,85,0.0
17,86,0.0
17,87,0.0
17,88,0.0
17,89,0.0
17,90,0.0
17,91,0.0
17,92,0.0
17,93,0.0
17,94,0.0
17,95,0.0
17,96,0.0
17,97,0.0
17,98,0.0
17,99,0.0
17,100,0.0
17,101,0.0
17,102,0.0
17,103,0.0
17,104,0.0
17,105,0.0
17,106,0.0
17,107,0.0
17,108,0.0
17,109,0.0
17,110,0.0
17,111,0.0
17,112,0.0
17,113,0.0
17,114,0.0
17,115,0.0
17,116,0.0
17,117,0.0
17,118,0.0
17,119,0.0
17,120,0.0
17,121,0.0
17,122,0.0
17,123,0.0
17,124,0.0
17,125,0.0
17,126,0.0
17,127,0.0
17,128,0.0
17,129,0.0
17,130,0.0
17,131,0.0
17,132,0.0
17,133,0.0
17,134,0.0
17,135,0.0
17,136,0.0
17,137,0.0
17,138,0.0
17,139,0.0
17,140,0.0
17,141,0.0
17,142,0.0
17,143,0.0
17,144,0.0
17,145,0.0
17,146,0.0
17,147,0.0
17,148,0.0
17,149,0.0
17,150,0.0
17,151,0.0
17,152,0.0
17,153,0.0
17,154,0.0
17,155,0.0
17,156,0.0
17,157,0.0
17,158,0.0
17,159,0.0
17,160,0.0
17,161,0.0
17,162,0.0
17,163,0.0
17,164,0.0
17,165,0.0
17,166,0.0
17,167,0.0
17,168,0.0
17,169,0.0
17,170,0.0
17,171,0.0
17,172,0.0
17,173,0.0
17,174,0.0
17,175,0.0
17,176,0.0
17,177,0.0
17,178,0.0
17,179,0.0
17,180,0.0
17,181,0.0
17,182,0.0
17,183,0.0
17,184,0.0
17,185,0.0
17,186,0.0
17,187,0.0
17,188,0.0
17,189,0.0
17,190,0.0
17,191,0.0
17,192,0.0
17,193,0.0
17,194,0.0
17,195,0.0
17,196,0.0
17,197,0.0
17,198,0.0
17,199,0.0
17,200,0.0
18,0,0.025
18,1,0.07
18,2,0.095
18,3,0.15
18,4,0.2
18,5,0.33
18,6,0.445
18,7,0.595
18,8,0.675
18,9,0.685
18,10,0.66
18,11,0.62
18,12,0.56
18,13,0.52
18,14,0.485
18,15,0.45
18,16,0.41
18,17,0.375
18,18,0.33
18,19,0.29
18,20,0.285
18,21,0.26
18,22,0.245
18,23,0.225
18,24,0.205
18,25,0.195
18,26,0.17
18,27,0.17
18,28,0.165
18,29,0.15
18,30,0.13
18,31,0.12
18,32,0.115
18,33,0.11
18,34,0.095
18,35,0.09
18,36,0.08
18,37,0.075
18,38,0.065
18,39,0.065
18,40,0.06
18,41,0.06
18,42,0.055
18,43,0.05
18,44,0.045
18,45,0.04
18,46,0.035
18,47,0.035
18,48,0.035
18,49,0.035
18,50,0.03
18,51,0.025
18,52,0.025
18,53,0.02
18,54,0.02
18,55,0.015
18,56,0.015
18,57,0.015
18,58,0.015
18,59,0.015
18,60,0.015
18,61,0.015
18,62,0.01
18,63,0.01
18,64,0.01
18,65,0.01
18,66,0.01
18,67,0.01
18,68,0.005
18,69,0.005
18,70,0.005
18,71,0.005
18,72,0.005
18,73,0.005
18,74,0.005
18,75,0.005
18,76,0.005
18,77,0.005
18,78,0.005
18,79,0.005
18,80,0.005
18,81,0.005
18,82,0.005
18,83,0.005
18,84,0.005
18,85,0.005
18,86,0.005
18,87,0.0
18,88,0.0
18,89,0.0
18,90,0.0
18,91,0.0
18,92,0.0
18,93,0.0
18,94,0.0
18,95,0.0
18,96,0.0
18,97,0.0
18,98,0.0
18,99,0.0
18,100,0.0
18,101,0.0
18,102,0.0
18,103,0.0
18,104,0.0
18,105,0.0
18,106,0.0
18,107,0.0
18,108,0.0
18,109,0.0
18,110,0.0
18,111,0.0
18,112,0.0
18,113,0.0
18,114,0.0
18,115,0.0
18,116,0.0
18,117,0.0
18,118,0.0
18,119,0.0
18,120,0.0
18,121,0.0
18,122,0.0
18,123,0.0
18,124,0.0
18,125,0.0
18,126,0.0
18,127,0.0
18,128,0.0
18,129,0.0
18,130,0.0
18,131,0.0
18,132,0.0
18,133,0.0
18,134,0.0
18,135,0.0
18,136,0.0
18,137,0.0
18,138,0.0
18,139,0.0
18,140,0.0
18,141,0.0
18,142,0.0
18,143,0.0
18,144,0.0
18,145,0.0
18,146,0.0
18,147,0.0
18,148,0.0
18,149,0.0
18,150,0.0
18,151,0.0
18,152,0.0
18,153,0.0
18,154,0.0
18,155,0.0
18,156,0.0
18,157,0.0
18,158,0.0
18,159,0.0
18,160,0.0
18,161,0.0
18,162,0.0
18,163,0.0
18,164,0.0
18,165,0.0
18,166,0.0
18,167,0.0
18,168,0.0
18,169,0.0
18,170,0.0
18,171,0.0
18,172,0.0
18,173,0.0
18,174,0.0
18,175,0.0
18,176,0.0
18,177,0.0
18,178,0.0
18,179,0.0
18,180,0.0
18,181,0.0
18,182,0.0
18,183,0.0
18,184,0.0
18,185,0.0
18,186,0.0
18,187,0.0
18,188,0.0
18,189,0.0
18,190,0.0
18,191,0.0
18,192,0.0
18,193,0.0
18,194,0.0
18,195,0.0
18,196,0.0
18,197,0.0
18,198,0.0
18,199,0.0
18,200,0.0
19,0,0.025
19,1,0.065
19,2,0.125
19,3,0.175
19,4,0.285
19,5,0.375
19,6,0.46
19,7,0.54
19,8,0.625
19,9,0.615
19,10,0.61
19,11,0.575
19,12,0.525
19,13,0.495
19,14,0.46
19,15,0.42
19,16,0.385
19,17,0.335
19,18,0.315
19,19,0.295
19,20,0.26
19,21,0.235
19,22,0.205
19,23,0.195
19,24,0.18
19,25,0.175
19,26,0.15
19,27,0.13
19,28,0.13
19,29,0.12
19,30,0.115
19,31,0.115
19,32,0.11
19,33,0.105
19,34,0.1
19,35,0.085
19,36,0.08
19,37,0.065
19,38,0.05
19,39,0.03
19,40,0.03
19,41,0.03
19,42,0.02
19,43,0.02
19,44,0.02
19,45,0.015
19,46,0.015
19,47,0.015
19,48,0.01
19,49,0.01
19,50,0.005
19,51,0.005
19,52,0.005
19,53,0.005
19,54,0.005
19,55,0.005
19,56,0.005
19,57,0.005
19,58,0.005
19,59,0.0
19,60,0.0
19,61,0.0
19,62,0.0
19,63,0.0
19,64,0.0
19,65,0.0
19,66,0.0
19,67,0.0
19,68,0.0
19,69,0.0
19,70,0.0
19,71,0.0
19,72,0.0
19,73,0.0
19,74,0.0
19,75,0.0
19,76,0.0
19,77,0.0
19,78,0.0
19,79,0.0
19,80,0.0
19,81,0.0
19,82,0.0
19,83,0.0
19,84,0.0
19,85,0.0
19,86,0.0
19,87,0.0
19,88,0.0
19,89,0.0
19,90,0.0
19,91,0.0
19,92,0.0
19,93,0.0
19,94,0.0
19,95,0.0
19,96,0.0
19,97,0.0
19,98,0.0
19,99,0.0
19,100,0.0
19,101,0.0
19,102,0.0
19,103,0.0
19,104,0.0
19,105,0.0
19,106,0.0
19,107,0.0
19,108,0.0
19,109,0.0
19,110,0.0
19,111,0.0
19,112,0.0
19,113,0.0
19,114,0.0
19,115,0.0
19,116,0.0
19,117,0.0
19,118,0.0
19,119,0.0
19,120,0.0
19,121,0.0
19,122,0.0
19,123,0.0
19,124,0.0
19,125,0.0
19,126,0.0
19,127,0.0
19,128,0.0
19,129,0.0
19,130,0.0
19,131,0.0
19,132,0.0
19,133,0.0
19,134,0.0
19,135,0.0
19,136,0.0
19,137,0.0
19,138,0.0
19,139,0.0
19,140,0.0
19,141,0.0
19,142,0.0
19,143,0.0
19,144,0.0
19,145,0.0
19,146,0.0
19,147,0.0
19,148,0.0
19,149,0.0
19,150,0.0
19,151,0.0
19,152,0.0
19,153,0.0
19,154,0.0
19,155,0.0
19,156,0.0
19,157,0.0
19,158,0.0
19,159,0.0
19,160,0.0
19,161,0.0
19,162,0.0
19,163,0.0
19,164,0.0
19,165,0.0
19,166,0.0
19,167,0.0
19,168,0.0
19,169,0.0
19,170,0.0
19,171,0.0
19,172,0.0
19,173,0.0
19,174,0.0
19,175,0.0
19,176,0.0
19,177,0.0
19,178,0.0
19,179,0.0
19,180,0.0
19,181,0.0
19,182,0.0
19,183,0.0
19,184,0.0
19,185,0.0
19,186,0.0
19,187,0.0
19,188,0.0
19,189,0.0
19,190,0.0
19,191,0.0
19,192,0.0
19,193,0.0
19,194,0.0
19,195,0.0
19,196,0.0
19,197,0.0
19,198,0.0
19,199,0.0
19,200,0.0
20,0,0.025
20,1,0.055
20,2,0.095
20,3,0.165
20,4,0.28
20,5,0.43
20,6,0.545
20,7,0.64
20,8,0.69
20,9,0.69
20,10,0.665
20,11,0.605
20,12,0.56
20,13,0.5
20,14,0.46
20,15,0.435
20,16,0.395
20,17,0.38
20,18,0.345
20,19,0.32
20,20,0.285
20,21,0.265
20,22,0.245
20,23,0.23
20,24,0.205
20,25,0.19
20,26,0.185
20,27,0.175
20,28,0.165
20,29,0.155
20,30,0.15
20,31,0.14
20,32,0.13
20,33,0.12
20,34,0.115
20,35,0.105
20,36,0.09
20,37,0.08
20,38,0.07
20,39,0.07
20,40,0.065
20,41,0.065
20,42,0.06
20,43,0.06
20,44,0.055
20,45,0.055
20,46,0.05
20,47,0.05
20,48,0.05
20,49,0.04
20,50,0.035
20,51,0.035
20,52,0.025
20,53,0.025
20,54,0.02
20,55,0.02
20,56,0.015
20,57,0.01
20,58,0.01
20,59,0.01
20,60,0.01
20,61,0.01
20,62,0.01
20,63,0.01
20,64,0.01
20,65,0.01
20,66,0.005
20,67,0.005
20,68,0.005
20,69,0.005
20,70,0.005
20,71,0.005
20,72,0.005
20,73,0.005
20,74,0.005
20,75,0.005
20,76,0.005
20,77,0.005
20,78,0.005
20,79,0.005
20,80,0.005
20,81,0.005
20,82,0.005
20,83,0.005
20,84,0.005
20,85,0.005
20,86,0.005
20,87,0.005
20,88,0.005
20,89,0.005
20,90,0.005
20,91,0.005
20,92,0.005
20,93,0.0
20,94,0.0
20,95,0.0
20,96,0.0
20,97,0.0
20,98,0.0
20,99,0.0
20,100,0.0
20,101,0.0
20,102,0.0
20,103,0.0
20,104,0.0
20,105,0.0
20,106,0.0
20,107,0.0
20,108,0.0
20,109,0.0
20,110,0.0
20,111,0.0
20,112,0.0
20,113,0.0
20,114,0.0
20,115,0.0
20,116,0.0
20,117,0.0
20,118,0.0
20,119,0.0
20,120,0.0
20,121,0.0
20,122,0.0
20,123,0.0
20,124,0.0
20,125,0.0
20,126,0.0
20,127,0.0
20,128,0.0
20,129,0.0
20,130,0.0
20,131,0.0
20,132,0.0
20,133,0.0
20,134,0.0
20,135,0.0
20,136,0.0
20,137,0.0
20,138,0.0
20,139,0.0
20,140,0.0
20,141,0.0
20,142,0.0
20,143,0.0
20,144,0.0
20,145,0.0
20,146,0.0
20,147,0.0
20,148,0.0
20,149,0.0
20,150,0.0
20,151,0.0
20,152,0.0
20,153,0.0
20,154,0.0
20,155,0.0
20,156,0.0
20,157,0.0
20,158,0.0
20,159,0.0
20,160,0.0
20,161,0.0
20,162,0.0
20,163,0.0
20,164,0.0
20,165,0.0
20,166,0.0
20,167,0.0
20,168,0.0
20,169,0.0
20,170,0.0
20,171,0.0
20,172,0.0
20,173,0.0
20,174,0.0
20,175,0.0
20,176,0.0
20,177,0.0
20,178,0.0
20,179,0.0
20,180,0.0
20,181,0.0
20,182,0.0
20,183,0.0
20,184,0.0
20,185,0.0
20,186,0.0
20,187,0.0
20,188,0.0
20,189,0.0
20,190,0.0
20,191,0.0
20,192,0.0
20,193,0.0
20,194,0.0
20,195,0.0
20,196,0.0
20,197,0.0
20,198,0.0
20,199,0.0
20,200,0.0
21,0,0.025
21,1,0.055
21,2,0.09
21,3,0.14
21,4,0.21
21,5,0.295
21,6,0.4
21,7,0.505
21,8,0.59
21,9,0.67
21,10,0.66
21,11,0.615
21,12,0.565
21,13,0.535
21,14,0.5
21,15,0.49
21,16,0.435
21,17,0.4
21,18,0.385
21,19,0.35
21,20,0.33
21,21,0.315
21,22,0.295
21,23,0.265
21,24,0.25
21,25,0.245
21,26,0.23
21,27,0.21
21,28,0.19
21,29,0.165
21,30,0.15
21,31,0.14
21,32,0.125
21,33,0.125
21,34,0.125
21,35,0.11
21,36,0.1
21,37,0.085
21,38,0.08
21,39,0.075
21,40,0.07
21,41,0.065
21,42,0.065
21,43,0.065
21,44,0.065
21,45,0.065
21,46,0.06
21,47,0.055
21,48,0.05
21,49,0.05
21,50,0.04
21,51,0.04
21,52,0.03
21,53,0.03
21,54,0.025
21,55,0.025
21,56,0.015
21,57,0.015
21,58,0.01
21,59,0.01
21,60,0.01
21,61,0.005
21,62,0.005
21,63,0.005
21,64,0.005
21,65,0.005
21,66,0.005
21,67,0.0
21,68,0.0
21,69,0.0
21,70,0.0
21,71,0.0
21,72,0.0
21,73,0.0
21,74,0.0
21,75,0.0
21,76,0.0
21,77,0.0
21,78,0.0
21,79,0.0
21,80,0.0
21,81,0.0
21,82,0.0
21,83,0.0
21,84,0.0
21,85,0.0
21,86,0.0
21,87,0.0
21,88,0.0
21,89,0.0
21,90,0.0
21,91,0.0
21,92,0.0
21,93,0.0
21,94,0.0
21,95,0.0
21,96,0.0
21,97,0.0
21,98,0.0
21,99,0.0
21,100,0.0
21,101,0.0
21,102,0.0
21,103,0.0
21,104,0.0
21,105,0.0
21,106,0.0
21,107,0.0
21,108,0.0
21,109,0.0
21,110,0.0
21,111,0.0
21,112,0.0
21,113,0.0
21,114,0.0
21,115,0.0
21,116,0.0
21,117,0.0
21,118,0.0
21,119,0.0
21,120,0.0
21,121,0.0
21,122,0.0
21,123,0.0
21,124,0.0
21,125,0.0
21,126,0.0
21,127,0.0
21,128,0.0
21,129,0.0
21,130,0.0
21,131,0.0
21,132,0.0
21,133,0.0
21,134,0.0
21,135,0.0
21,136,0.0
21,137,0.0
21,138,0.0
21,139,0.0
21,140,0.0
21,141,0.0
21,142,0.0
21,143,0.0
21,144,0.0
21,145,0.0
21,146,0.0
21,147,0.0
21,148,0.0
21,149,0.0
21,150,0.0
21,151,0.0
21,152,0.0
21,153,0.0
21,154,0.0
21,155,0.0
21,156,0.0
21,157,0.0
21,158,0.0
21,159,0.0
21,160,0.0
21,161,0.0
21,162,0.0
21,163,0.0
21,164,0.0
21,165,0.0
21,166,0.0
21,167,0.0
21,168,0.0
21,169,0.0
21,170,0.0
21,171,0.0
21,172,0.0
21,173,0.0
21,174,0.0
21,175,0.0
21,176,0.0
21,177,0.0
21,178,0.0
21,179,0.0
21,180,0.0
21,181,0.0
21,182,0.0
21,183,0.0
21,184,0.0
21,185,0.0
21,186,0.0
21,187,0.0
21,188,0.0
21,189,0.0
21,190,0.0
21,191,0.0
21,192,0.0
21,193,0.0
21,194,0.0
21,195,0.0
21,196,0.0
21,197,0.0
21,198,0.0
21,199,0.0
21,200,0.0
22,0,0.025
22,1,0.045
22,2,0.06
22,3,0.115
22,4,0.17
22,5,0.24
22,6,0.335
22,7,0.465
22,8,0.59
22,9,0.62
22,10,0.63
22,11,0.59
22,12,0.555
22,13,0.515
22,14,0.455
22,15,0.445
22,16,0.41
22,17,0.38
22,18,0.345
22,19,0.325
22,20,0.3
22,21,0.27
22,22,0.26
22,23,0.215
22,24,0.195
22,25,0.185
22,26,0.165
22,27,0.16
22,28,0.155
22,29,0.155
22,30,0.135
22,31,0.125
22,32,0.12
22,33,0.1
22,34,0.085
22,35,0.075
22,36,0.07
22,37,0.07
22,38,0.06
22,39,0.05
22,40,0.045
22,41,0.045
22,42,0.04
22,43,0.04
22,44,0.04
22,45,0.035
22,46,0.035
22,47,0.03
22,48,0.03
22,49,0.03
22,50,0.03
22,51,0.03
22,52,0.03
22,53,0.03
22,54,0.025
22,55,0.025
22,56,0.025
22,57,0.025
22,58,0.02
22,59,0.02
22,60,0.02
22,61,0.02
22,62,0.02
22,63,0.01
22,64,0.01
22,65,0.005
22,66,0.005
22,67,0.005
22,68,0.005
22,69,0.005
22,70,0.005
22,71,0.005
22,72,0.005
22,73,0.005
22,74,0.005
22,75,0.005
22,76,0.0
22,77,0.0
22,78,0.0
22,79,0.0
22,80,0.0
22,81,0.0
22,82,0.0
22,83,0.0
22,84,0.0
22,85,0.0
22,86,0.0
22,87,0.0
22,88,0.0
22,89,0.0
22,90,0.0
22,91,0.0
22,92,0.0
22,93,0.0
22,94,0.0
22,95,0.0
22,96,0.0
22,97,0.0
22,98,0.0
22,99,0.0
22,100,0.0
22,101,0.0
22,102,0.0
22,103,0.0
22,104,0.0
22,105,0.0
22,106,0.0
22,107,0.0
22,108,0.0
22,109,0.0
22,110,0.0
22,111,0.0
22,112,0.0
22,113,0.0
22,114,0.0
22,115,0.0
22,116,0.0
22,117,0.0
22,118,0.0
22,119,0.0
22,120,0.0
22,121,0.0
22,122,0.0
22,123,0.0
22,124,0.0
22,125,0.0
22,126,0.0
22,127,0.0
22,128,0.0
22,129,0.0
22,130,0.0
22,131,0.0
22,132,0.0
22,133,0.0
22,134,0.0
22,135,0.0
22,136,0.0
22,137,0.0
22,138,0.0
22,139,0.0
22,140,0.0
22,141,0.0
22,142,0.0
22,143,0.0
22,144,0.0
22,145,0.0
22,146,0.0
22,147,0.0
22,148,0.0
22,149,0.0
22,150,0.0
22,151,0.0
22,152,0.0
22,153,0.0
22,154,0.0
22,155,0.0
22,156,0.0
22,157,0.0
22,158,0.0
22,159,0.0
22,160,0.0
22,161,0.0
22,162,0.0
22,163,0.0
22,164,0.0
22,165,0.0
22,166,0.0
22,167,0.0
22,168,0.0
22,169,0.0
22,170,0.0
22,171,0.0
22,172,0.0
22,173,0.0
22,174,0.0
22,175,0.0
22,176,0.0
22,177,0.0
22,178,0.0
22,179,0.0
22,180,0.0
22,181,0.0
22,182,0.0
22,183,0.0
22,184,0.0
22,185,0.0
22,186,0.0
22,187,0.0
22,188,0.0
22,189,0.0
22,190,0.0
22,191,0.0
22,192,0.0
22,193,0.0
22,194,0.0
22,195,0.0
22,196,0.0
22,197,0.0
22,198,0.0
22,199,0.0
22,200,0.0
23,0,0.025
23,1,0.04
23,2,0.08
23,3,0.14
23,4,0.26
23,5,0.38
23,6,0.51
23,7,0.595
23,8,0.665
23,9,0.665
23,10,0.625
23,11,0.615
23,12,0.585
23,13,0.535
23,14,0.5
23,15,0.455
23,16,0.415
23,17,0.395
23,18,0.36
23,19,0.315
23,20,0.295
23,21,0.255
23,22,0.23
23,23,0.22
23,24,0.205
23,25,0.205
23,26,0.18
23,27,0.175
23,28,0.16
23,29,0.15
23,30,0.125
23,31,0.105
23,32,0.1
23,33,0.095
23,34,0.085
23,35,0.075
23,36,0.075
23,37,0.065
23,38,0.06
23,39,0.055
23,40,0.055
23,41,0.055
23,42,0.055
23,43,0.05
23,44,0.05
23,45,0.05
23,46,0.05
23,47,0.045
23,48,0.04
23,49,0.035
23,50,0.03
23,51,0.03
23,52,0.02
23,53,0.02
23,54,0.02
23,55,0.015
23,56,0.015
23,57,0.015
23,58,0.015
23,59,0.01
23,60,0.01
23,61,0.01
23,62,0.01
23,63,0.005
23,64,0.005
23,65,0.005
23,66,0.005
23,67,0.005
23,68,0.005
23,69,0.005
23,70,0.005
23,71,0.005
23,72,0.005
23,73,0.005
23,74,0.005
23,75,0.005
23,76,0.005
23,77,0.005
23,78,0.005
23,79,0.005
23,80,0.005
23,81,0.005
23,82,0.005
23,83,0.005
23,84,0.005
23,85,0.005
23,86,0.005
23,87,0.005
23,88,0.005
23,89,0.005
23,90,0.005
23,91,0.005
23,92,0.005
23,93,0.005
23,94,0.0
23,95,0.0
23,96,0.0
23,97,0.0
23,98,0.0
23,99,0.0
23,100,0.0
23,101,0.0
23,102,0.0
23,103,0.0
23,104,0.0
23,105,0.0
23,106,0.0
23,107,0.0
23,108,0.0
23,109,0.0
23,110,0.0
23,111,0.0
23,112,0.0
23,113,0.0
23,114,0.0
23,115,0.0
23,116,0.0
23,117,0.0
23,118,0.0
23,119,0.0
23,120,0.0
23,121,0.0
23,122,0.0
23,123,0.0
23,124,0.0
23,125,0.0
23,126,0.0
23,127,0.0
23,128,0.0
23,129,0.0
23,130,0.0
23,131,0.0
23,132,0.0
23,133,0.0
23,134,0.0
23,135,0.0
23,136,0.0
23,137,0.0
23,138,0.0
23,139,0.0
23,140,0.0
23,141,0.0
23,142,0.0
23,143,0.0
23,144,0.0
23,145,0.0
23,146,0.0
23,147,0.0
23,148,0.0
23,149,0.0
23,150,0.0
23,151,0.0
23,152,0.0
23,153,0.0
23,154,0.0
23,155,0.0
23,156,0.0
23,157,0.0
23,158,0.0
23,159,0.0
23,160,0.0
23,161,0.0
23,162,0.0
23,163,0.0
23,164,0.0
23,165,0.0
23,166,0.0
23,167,0.0
23,168,0.0
23,169,0.0
23,170,0.0
23,171,0.0
23,172,0.0
23,173,0.0
23,174,0.0
23,175,0.0
23,176,0.0
23,177,0.0
23,178,0.0
23,179,0.0
23,180,0.0
23,181,0.0
23,182,0.0
23,183,0.0
23,184,0.0
23,185,0.0
23,186,0.0
23,187,0.0
23,188,0.0
23,189,0.0
23,190,0.0
23,191,0.0
23,192,0.0
23,193,0.0
23,194,0.0
23,195,0.0
23,196,0.0
23,197,0.0
23,198,0.0
23,199,0.0
23,200,0.0
24,0,0.025
24,1,0.05
24,2,0.11
24,3,0.19
24,4,0.275
24,5,0.36
24,6,0.5
24,7,0.645
24,8,0.66
24,9,0.645
24,10,0.61
24,11,0.54
24,12,0.495
24,13,0.45
24,14,0.4
24,15,0.37
24,16,0.345
24,17,0.325
24,18,0.28
24,19,0.255
24,20,0.24
24,21,0.225
24,22,0.21
24,23,0.195
24,24,0.18
24,25,0.155
24,26,0.15
24,27,0.135
24,28,0.12
24,29,0.115
24,30,0.11
24,31,0.095
24,32,0.09
24,33,0.08
24,34,0.08
24,35,0.08
24,36,0.08
24,37,0.07
24,38,0.065
24,39,0.065
24,40,0.06
24,41,0.06
24,42,0.055
24,43,0.05
24,44,0.04
24,45,0.04
24,46,0.03
24,47,0.025
24,48,0.015
24,49,0.015
24,50,0.015
24,51,0.015
24,52,0.015
24,53,0.015
24,54,0.01
24,55,0.005
24,56,0.005
24,57,0.005
24,58,0.005
24,59,0.005
24,60,0.005
24,61,0.005
24,62,0.0
24,63,0.0
24,64,0.0
24,65,0.0
24,66,0.0
24,67,0.0
24,68,0.0
24,69,0.0
24,70,0.0
24,71,0.0
24,72,0.0
24,73,0.0
24,74,0.0
24,75,0.0
24,76,0.0
24,77,0.0
24,78,0.0
24,79,0.0
24,80,0.0
24,81,0.0
24,82,0.0
24,83,0.0
24,84,0.0
24,85,0.0
24,86,0.0
24,87,0.0
24,88,0.0
24,89,0.0
24,90,0.0
24,91,0.0
24,92,0.0
24,93,0.0
24,94,0.0
24,95,0.0
24,96,0.0
24,97,0.0
24,98,0.0
24,99,0.0
24,100,0.0
24,101,0.0
24,102,0.0
24,103,0.0
24,104,0.0
24,105,0.0
24,106,0.0
24,107,0.0
24,108,0.0
24,109,0.0
24,110,0.0
24,111,0.0
24,112,0.0
24,113,0.0
24,114,0.0
24,115,0.0
24,116,0.0
24,117,0.0
24,118,0.0
24,119,0.0
24,120,0.0
24,121,0.0
24,122,0.0
24,123,0.0
24,124,0.0
24,125,0.0
24,126,0.0
24,127,0.0
24,128,0.0
24,129,0.0
24,130,0.0
24,131,0.0
24,132,0.0
24,133,0.0
24,134,0.0
24,135,0.0
24,136,0.0
24,137,0.0
24,138,0.0
24,139,0.0
24,140,0.0
24,141,0.0
24,142,0.0
24,143,0.0
24,144,0.0
24,145,0.0
24,146,0.0
24,147,0.0
24,148,0.0
24,149,0.0
24,150,0.0
24,151,0.0
24,152,0.0
24,153,0.0
24,154,0.0
24,155,0.0
24,156,0.0
24,157,0.0
24,158,0.0
24,159,0.0
24,160,0.0
24,161,0.0
24,162,0.0
24,163,0.0
24,164,0.0
24,165,0.0
24,166,0.0
24,167,0.0
24,168,0.0
24,169,0.0
24,170,0.0
24,171,0.0
24,172,0.0
24,173,0.0
24,174,0.0
24,175,0.0
24,176,0.0
24,177,0.0
24,178,0.0
24,179,0.0
24,180,0.0
24,181,0.0
24,182,0.0
24,183,0.0
24,184,0.0
24,185,0.0
24,186,0.0
24,187,0.0
24,188,0.0
24,189,0.0
24,190,0.0
24,191,0.0
24,192,0.0
24,193,0.0
24,194,0.0
24,195,0.0
24,196,0.0
24,197,0.0
24,198,0.0
24,199,0.0
24,200,0.0
25,0,0.025
25,1,0.065
25,2,0.1
25,3,0.16
25,4,0.24
25,5,0.34
25,6,0.46
25,7,0.58
25,8,0.645
25,9,0.635
25,10,0.635
25,11,0.6
25,12,0.575
25,13,0.535
25,14,0.49
25,15,0.455
25,16,0.425
25,17,0.405
25,18,0.375
25,19,0.345
25,20,0.305
25,21,0.275
25,22,0.255
25,23,0.235
25,24,0.23
25,25,0.22
25,26,0.205
25,27,0.19
25,28,0.17
25,29,0.16
25,30,0.145
25,31,0.135
25,32,0.13
25,33,0.115
25,34,0.105
25,35,0.095
25,36,0.095
25,37,0.09
25,38,0.085
25,39,0.085
25,40,0.065
25,41,0.06
25,42,0.06
25,43,0.06
25,44,0.06
25,45,0.06
25,46,0.06
25,47,0.06
25,48,0.055
25,49,0.055
25,50,0.055
25,51,0.055
25,52,0.045
25,53,0.045
25,54,0.045
25,55,0.045
25,56,0.03
25,57,0.025
25,58,0.02
25,59,0.02
25,60,0.02
25,61,0.015
25,62,0.015
25,63,0.015
25,64,0.015
25,65,0.015
25,66,0.015
25,67,0.015
25,68,0.015
25,69,0.015
25,70,0.01
25,71,0.01
25,72,0.01
25,73,0.005
25,74,0.005
25,75,0.005
25,76,0.005
25,77,0.005
25,78,0.005
25,79,0.005
25,80,0.0
25,81,0.0
25,82,0.0
25,83,0.0
25,84,0.0
25,85,0.0
25,86,0.0
25,87,0.0
25,88,0.0
25,89,0.0
25,90,0.0
25,91,0.0
25,92,0.0
25,93,0.0
25,94,0.0
25,95,0.0
25,96,0.0
25,97,0.0
25,98,0.0
25,99,0.0
25,100,0.0
25,101,0.0
25,102,0.0
25,103,0.0
25,104,0.0
25,105,0.0
25,106,0.0
25,107,0.0
25,108,0.0
25,109,0.0
25,110,0.0
25,111,0.0
25,112,0.0
25,113,0.0
25,114,0.0
25,115,0.0
25,116,0.0
25,117,0.0
25,118,0.0
25,119,0.0
25,120,0.0
25,121,0.0
25,122,0.0
25,123,0.0
25,124,0.0
25,125,0.0
25,126,0.0
25,127,0.0
25,128,0.0
25,129,0.0
25,130,0.0
25,131,0.0
25,132,0.0
25,133,0.0
25,134,0.0
25,135,0.0
25,136,0.0
25,137,0.0
25,138,0.0
25,139,0.0
25,140,0.0
25,141,0.0
25,142,0.0
25,143,0.0
25,144,0.0
25,145,0.0
25,146,0.0
25,147,0.0
25,148,0.0
25,149,0.0
25,150,0.0
25,151,0.0
25,152,0.0
25,153,0.0
25,154,0.0
25,155,0.0
25,156,0.0
25,157,0.0
25,158,0.0
25,159,0.0
25,160,0.0
25,161,0.0
25,162,0.0
25,163,0.0
25,164,0.0
25,165,0.0
25,166,0.0
25,167,0.0
25,168,0.0
25,169,0.0
25,170,0.0
25,171,0.0
25,172,0.0
25,173,0.0
25,174,0.0
25,175,0.0
25,176,0.0
25,177,0.0
25,178,0.0
25,179,0.0
25,180,0.0
25,181,0.0
25,182,0.0
25,183,0.0
25,184,0.0
25,185,0.0
25,186,0.0
25,187,0.0
25,188,0.0
25,189,0.0
25,190,0.0
25,191,0.0
25,192,0.0
25,193,0.0
25,194,0.0
25,195,0.0
25,196,0.0
25,197,0.0
25,198,0.0
25,199,0.0
25,200,0.0
26,0,0.025
26,1,0.075
26,2,0.11
26,3,0.165
26,4,0.24
26,5,0.335
26,6,0.465
26,7,0.57
26,8,0.61
26,9,0.625
26,10,0.58
26,11,0.55
26,12,0.515
26,13,0.48
26,14,0.45
26,15,0.42
26,16,0.37
26,17,0.345
26,18,0.305
26,19,0.28
26,20,0.25
26,21,0.25
26,22,0.235
26,23,0.215
26,24,0.19
26,25,0.17
26,26,0.165
26,27,0.16
26,28,0.145
26,29,0.13
26,30,0.12
26,31,0.115
26,32,0.105
26,33,0.1
26,34,0.08
26,35,0.075
26,36,0.07
26,37,0.065
26,38,0.055
26,39,0.05
26,40,0.05
26,41,0.05
26,42,0.05
26,43,0.045
26,44,0.04
26,45,0.03
26,46,0.02
26,47,0.015
26,48,0.015
26,49,0.01
26,50,0.01
26,51,0.005
26,52,0.0
26,53,0.0
26,54,0.0
26,55,0.0
26,56,0.0
26,57,0.0
26,58,0.0
26,59,0.0
26,60,0.0
26,61,0.0
26,62,0.0
26,63,0.0
26,64,0.0
26,65,0.0
26,66,0.0
26,67,0.0
26,68,0.0
26,69,0.0
26,70,0.0
26,71,0.0
26,72,0.0
26,73,0.0
26,74,0.0
26,75,0.0
26,76,0.0
26,77,0.0
26,78,0.0
26,79,0.0
26,80,0.0
26,81,0.0
26,82,0.0
26,83,0.0
26,84,0.0
26,85,0.0
26,86,0.0
26,87,0.0
26,88,0.0
26,89,0.0
26,90,0.0
26,91,0.0
26,92,0.0
26,93,0.0
26,94,0.0
26,95,0.0
26,96,0.0
26,97,0.0
26,98,0.0
26,99,0.0
26,100,0.0
26,101,0.0
26,102,0.0
26,103,0.0
26,104,0.0
26,105,0.0
26,106,0.0
26,107,0.0
26,108,0.0
26,109,0.0
26,110,0.0
26,111,0.0
26,112,0.0
26,113,0.0
26,114,0.0
26,115,0.0
26,116,0.0
26,117,0.0
26,118,0.0
26,119,0.0
26,120,0.0
26,121,0.0
26,122,0.0
26,123,0.0
26,124,0.0
26,125,0.0
26,126,0.0
26,127,0.0
26,128,0.0
26,129,0.0
26,130,0.0
26,131,0.0
26,132,0.0
26,133,0.0
26,134,0.0
26,135,0.0
26,136,0.0
26,137,0.0
26,138,0.0
26,139,0.0
26,140,0.0
26,141,0.0
26,142,0.0
26,143,0.0
26,144,0.0
26,145,0.0
26,146,0.0
26,147,0.0
26,148,0.0
26,149,0.0
26,150,0.0
26,151,0.0
26,152,0.0
26,153,0.0
26,154,0.0
26,155,0.0
26,156,0.0
26,157,0.0
26,158,0.0
26,159,0.0
26,160,0.0
26,161,0.0
26,162,0.0
26,163,0.0
26,164,0.0
26,165,0.0
26,166,0.0
26,167,0.0
26,168,0.0
26,169,0.0
26,170,0.0
26,171,0.0
26,172,0.0
26,173,0.0
26,174,0.0
26,175,0.0
26,176,0.0
26,177,0.0
26,178,0.0
26,179,0.0
26,180,0.0
26,181,0.0
26,182,0.0
26,183,0.0
26,184,0.0
26,185,0.0
26,186,0.0
26,187,0.0
26,188,0.0
26,189,0.0
26,190,0.0
26,191,0.0
26,192,0.0
26,193,0.0
26,194,0.0
26,195,0.0
26,196,0.0
26,197,0.0
26,198,0.0
26,199,0.0
26,200,0.0
27,0,0.025
27,1,0.055
27,2,0.12
27,3,0.215
27,4,0.31
27,5,0.41
27,6,0.52
27,7,0.635
27,8,0.67
27,9,0.645
27,10,0.595
27,11,0.565
27,12,0.5
27,13,0.465
27,14,0.41
27,15,0.38
27,16,0.37
27,17,0.355
27,18,0.33
27,19,0.285
27,20,0.255
27,21,0.235
27,22,0.205
27,23,0.185
27,24,0.17
27,25,0.15
27,26,0.145
27,27,0.14
27,28,0.14
27,29,0.12
27,30,0.12
27,31,0.105
27,32,0.1
27,33,0.085
27,34,0.075
27,35,0.065
27,36,0.055
27,37,0.05
27,38,0.045
27,39,0.045
27,40,0.045
27,41,0.045
27,42,0.045
27,43,0.04
27,44,0.035
27,45,0.03
27,46,0.03
27,47,0.03
27,48,0.025
27,49,0.025
27,50,0.02
27,51,0.02
27,52,0.01
27,53,0.01
27,54,0.01
27,55,0.01
27,56,0.01
27,57,0.01
27,58,0.005
27,59,0.005
27,60,0.005
27,61,0.005
27,62,0.005
27,63,0.005
27,64,0.005
27,65,0.005
27,66,0.005
27,67,0.005
27,68,0.005
27,69,0.005
27,70,0.005
27,71,0.0
27,72,0.0
27,73,0.0
27,74,0.0
27,75,0.0
27,76,0.0
27,77,0.0
27,78,0.0
27,79,0.0
27,80,0.0
27,81,0.0
27,82,0.0
27,83,0.0
27,84,0.0
27,85,0.0
27,86,0.0
27,87,0.0
27,88,0.0
27,89,0.0
27,90,0.0
27,91,0.0
27,92,0.0
27,93,0.0
27,94,0.0
27,95,0.0
27,96,0.0
27,97,0.0
27,98,0.0
27,99,0.0
27,100,0.0
27,101,0.0
27,102,0.0
27,103,0.0
27,104,0.0
27,105,0.0
27,106,0.0
27,107,0.0
27,108,0.0
27,109,0.0
27,110,0.0
27,111,0.0
27,112,0.0
27,113,0.0
27,114,0.0
27,115,0.0
27,116,0.0
27,117,0.0
27,118,0.0
27,119,0.0
27,120,0.0
27,121,0.0
27,122,0.0
27,123,0.0
27,124,0.0
27,125,0.0
27,126,0.0
27,127,0.0
27,128,0.0
27,129,0.0
27,130,0.0
27,131,0.0
27,132,0.0
27,133,0.0
27,134,0.0
27,135,0.0
27,136,0.0
27,137,0.0
27,138,0.0
27,139,0.0
27,140,0.0
27,141,0.0
27,142,0.0
27,143,0.0
27,144,0.0
27,145,0.0
27,146,0.0
27,147,0.0
27,148,0.0
27,149,0.0
27,150,0.0
27,151,0.0
27,152,0.0
27,153,0.0
27,154,0.0
27,155,0.0
27,156,0.0
27,157,0.0
27,158,0.0
27,159,0.0
27,160,0.0
27,161,0.0
27,162,0.0
27,163,0.0
27,164,0.0
27,165,0.0
27,166,0.0
27,167,0.0
27,168,0.0
27,169,0.0
27,170,0.0
27,171,0.0
27,172,0.0
27,173,0.0
27,174,0.0
27,175,0.0
27,176,0.0
27,177,0.0
27,178,0.0
27,179,0.0
27,180,0.0
27,181,0.0
27,182,0.0
27,183,0.0
27,184,0.0
27,185,0.0
27,186,0.0
27,187,0.0
27,188,0.0
27,189,0.0
27,190,0.0
27,191,0.0
27,192,0.0
27,193,0.0
27,194,0.0
27,195,0.0
27,196,0.0
27,197,0.0
27,198,0.0
27,199,0.0
27,200,0.0
28,0,0.025
28,1,0.055
28,2,0.095
28,3,0.14
28,4,0.22
28,5,0.325
28,6,0.405
28,7,0.575
28,8,0.685
28,9,0.72
28,10,0.68
28,11,0.62
28,12,0.545
28,13,0.49
28,14,0.455
28,15,0.435
28,16,0.415
28,17,0.355
28,18,0.325
28,19,0.29
28,20,0.26
28,21,0.24
28,22,0.215
28,23,0.21
28,24,0.195
28,25,0.19
28,26,0.165
28,27,0.16
28,28,0.15
28,29,0.13
28,30,0.125
28,31,0.125
28,32,0.12
28,33,0.11
28,34,0.11
28,35,0.095
28,36,0.09
28,37,0.08
28,38,0.08
28,39,0.07
28,40,0.065
28,41,0.065
28,42,0.065
28,43,0.06
28,44,0.06
28,45,0.06
28,46,0.05
28,47,0.045
28,48,0.045
28,49,0.04
28,50,0.035
28,51,0.025
28,52,0.025
28,53,0.025
28,54,0.02
28,55,0.02
28,56,0.02
28,57,0.02
28,58,0.02
28,59,0.02
28,60,0.02
28,61,0.02
28,62,0.02
28,63,0.02
28,64,0.02
28,65,0.015
28,66,0.015
28,67,0.015
28,68,0.015
28,69,0.015
28,70,0.015
28,71,0.015
28,72,0.015
28,73,0.015
28,74,0.015
28,75,0.015
28,76,0.015
28,77,0.015
28,78,0.01
28,79,0.01
28,80,0.01
28,81,0.01
28,82,0.01
28,83,0.01
28,84,0.005
28,85,0.005
28,86,0.005
28,87,0.005
28,88,0.005
28,89,0.005
28,90,0.005
28,91,0.005
28,92,0.0
28,93,0.0
28,94,0.0
28,95,0.0
28,96,0.0
28,97,0.0
28,98,0.0
28,99,0.0
28,100,0.0
28,101,0.0
28,102,0.0
28,103,0.0
28,104,0.0
28,105,0.0
28,106,0.0
28,107,0.0
28,108,0.0
28,109,0.0
28,110,0.0
28,111,0.0
28,112,0.0
28,113,0.0
28,114,0.0
28,115,0.0
28,116,0.0
28,117,0.0
28,118,0.0
28,119,0.0
28,120,0.0
28,121,0.0
28,122,0.0
28,123,0.0
28,124,0.0
28,125,0.0
28,126,0.0
28,127,0.0
28,128,0.0
28,129,0.0
28,130,0.0
28,131,0.0
28,132,0.0
28,133,0.0
28,134,0.0
28,135,0.0
28,136,0.0
28,137,0.0
28,138,0.0
28,139,0.0
28,140,0.0
28,141,0.0
28,142,0.0
28,143,0.0
28,144,0.0
28,145,0.0
28,146,0.0
28,147,0.0
28,148,0.0
28,149,0.0
28,150,0.0
28,151,0.0
28,152,0.0
28,153,0.0
28,154,0.0
28,155,0.0
28,156,0.0
28,157,0.0
28,158,0.0
28,159,0.0
28,160,0.0
28,161,0.0
28,162,0.0
28,163,0.0
28,164,0.0
28,165,0.0
28,166,0.0
28,167,0.0
28,168,0.0
28,169,0.0
28,170,0.0
28,171,0.0
28,172,0.0
28,173,0.0
28,174,0.0
28,175,0.0
28,176,0.0
28,177,0.0
28,178,0.0
28,179,0.0
28,180,0.0
28,181,0.0
28,182,0.0
28,183,0.0
28,184,0.0
28,185,0.0
28,186,0.0
28,187,0.0
28,188,0.0
28,189,0.0
28,190,0.0
28,191,0.0
28,192,0.0
28,193,0.0
28,194,0.0
28,195,0.0
28,196,0.0
28,197,0.0
28,198,0.0
28,199,0.0
28,200,0.0
29,0,0.025
29,1,0.06
29,2,0.075
29,3,0.145
29,4,0.255
29,5,0.36
29,6,0.515
29,7,0.615
29,8,0.66
29,9,0.655
29,10,0.595
29,11,0.58
29,12,0.545
29,13,0.53
29,14,0.51
29,15,0.45
29,16,0.415
29,17,0.38
29,18,0.34
29,19,0.305
29,20,0.29
29,21,0.275
29,22,0.26
29,23,0.235
29,24,0.22
29,25,0.205
29,26,0.195
29,27,0.18
29,28,0.175
29,29,0.17
29,30,0.15
29,31,0.145
29,32,0.135
29,33,0.12
29,34,0.105
29,35,0.09
29,36,0.085
29,37,0.085
29,38,0.085
29,39,0.085
29,40,0.08
29,41,0.065
29,42,0.065
29,43,0.06
29,44,0.055
29,45,0.05
29,46,0.05
29,47,0.04
29,48,0.035
29,49,0.035
29,50,0.035
29,51,0.025
29,52,0.025
29,53,0.025
29,54,0.025
29,55,0.025
29,56,0.025
29,57,0.025
29,58,0.025
29,59,0.025
29,60,0.025
29,61,0.02
29,62,0.015
29,63,0.015
29,64,0.015
29,65,0.01
29,66,0.01
29,67,0.01
29,68,0.01
29,69,0.01
29,70,0.01
29,71,0.005
29,72,0.0
29,73,0.0
29,74,0.0
29,75,0.0
29,76,0.0
29,77,0.0
29,78,0.0
29,79,0.0
29,80,0.0
29,81,0.0
29,82,0.0
29,83,0.0
29,84,0.0
29,85,0.0
29,86,0.0
29,87,0.0
29,88,0.0
29,89,0.0
29,90,0.0
29,91,0.0
29,92,0.0
29,93,0.0
29,94,0.0
29,95,0.0
29,96,0.0
29,97,0.0
29,98,0.0
29,99,0.0
29,100,0.0
29,101,0.0
29,102,0.0
29,103,0.0
29,104,0.0
29,105,0.0
29,106,0.0
29,107,0.0
29,108,0.0
29,109,0.0
29,110,0.0
29,111,0.0
29,112,0.0
29,113,0.0
29,114,0.0
29,115,0.0
29,116,0.0
29,117,0.0
29,118,0.0
29,119,0.0
29,120,0.0
29,121,0.0
29,122,0.0
29,123,0.0
29,124,0.0
29,125,0.0
29,126,0.0
29,127,0.0
29,128,0.0
29,129,0.0
29,130,0.0
29,131,0.0
29,132,0.0
29,133,0.0
29,134,0.0
29,135,0.0
29,136,0.0
29,137,0.0
29,138,0.0
29,139,0.0
29,140,0.0
29,141,0.0
29,142,0.0
29,143,0.0
29,144,0.0
29,145,0.0
29,146,0.0
29,147,0.0
29,148,0.0
29,149,0.0
29,150,0.0
29,151,0.0
29,152,0.0
29,153,0.0
29,154,0.0
29,155,0.0
29,156,0.0
29,157,0.0
29,158,0.0
29,159,0.0
29,160,0.0
29,161,0.0
29,162,0.0
29,163,0.0
29,164,0.0
29,165,0.0
29,166,0.0
29,167,0.0
29,168,0.0
29,169,0.0
29,170,0.0
29,171,0.0
29,172,0.0
29,173,0.0
29,174,0.0
29,175,0.0
29,176,0.0
29,177,0.0
29,178,0.0
29,179,0.0
29,180,0.0
29,181,0.0
29,182,0.0
29,183,0.0
29,184,0.0
29,185,0.0
29,186,0.0
29,187,0.0
29,188,0.0
29,189,0.0
29,190,0.0
29,191,0.0
29,192,0.0
29,193,0.0
29,194,0.0
29,195,0.0
29,196,0.0
29,197,0.0
29,198,0.0
29,199,0.0
29,200,0.0
30,0,0.025
30,1,0.055
30,2,0.13
30,3,0.225
30,4,0.33
30,5,0.435
30,6,0.535
30,7,0.625
30,8,0.72
30,9,0.68
30,10,0.62
30,11,0.565
30,12,0.535
30,13,0.49
30,14,0.45
30,15,0.415
30,16,0.38
30,17,0.36
30,18,0.32
30,19,0.29
30,20,0.265
30,21,0.245
30,22,0.235
30,23,0.22
30,24,0.2
30,25,0.185
30,26,0.185
30,27,0.16
30,28,0.155
30,29,0.14
30,30,0.13
30,31,0.11
30,32,0.1
30,33,0.095
30,34,0.09
30,35,0.09
30,36,0.085
30,37,0.075
30,38,0.07
30,39,0.07
30,40,0.06
30,41,0.06
30,42,0.05
30,43,0.05
30,44,0.05
30,45,0.05
30,46,0.05
30,47,0.045
30,48,0.045
30,49,0.04
30,50,0.04
30,51,0.04
30,52,0.04
30,53,0.04
30,54,0.035
30,55,0.035
30,56,0.02
30,57,0.02
30,58,0.02
30,59,0.02
30,60,0.02
30,61,0.02
30,62,0.02
30,63,0.02
30,64,0.02
30,65,0.02
30,66,0.015
30,67,0.01
30,68,0.01
30,69,0.01
30,70,0.01
30,71,0.005
30,72,0.005
30,73,0.005
30,74,0.005
30,75,0.005
30,76,0.005
30,77,0.005
30,78,0.005
30,79,0.005
30,80,0.005
30,81,0.0
30,82,0.0
30,83,0.0
30,84,0.0
30,85,0.0
30,86,0.0
30,87,0.0
30,88,0.0
30,89,0.0
30,90,0.0
30,91,0.0
30,92,0.0
30,93,0.0
30,94,0.0
30,95,0.0
30,96,0.0
30,97,0.0
30,98,0.0
30,99,0.0
30,100,0.0
30,101,0.0
30,102,0.0
30,103,0.0
30,104,0.0
30,105,0.0
30,106,0.0
30,107,0.0
30,108,0.0
30,109,0.0
30,110,0.0
30,111,0.0
30,112,0.0
30,113,0.0
30,114,0.0
30,115,0.0
30,116,0.0
30,117,0.0
30,118,0.0
30,119,0.0
30,120,0.0
30,121,0.0
30,122,0.0
30,123,0.0
30,124,0.0
30,125,0.0
30,126,0.0
30,127,0.0
30,128,0.0
30,129,0.0
30,130,0.0
30,131,0.0
30,132,0.0
30,133,0.0
30,134,0.0
30,135,0.0
30,136,0.0
30,137,0.0
30,138,0.0
30,139,0.0
30,140,0.0
30,141,0.0
30,142,0.0
30,143,0.0
30,144,0.0
30,145,0.0
30,146,0.0
30,147,0.0
30,148,0.0
30,149,0.0
30,150,0.0
30,151,0.0
30,152,0.0
30,153,0.0
30,154,0.0
30,155,0.0
30,156,0.0
30,157,0.0
30,158,0.0
30,159,0.0
30,160,0.0
30,161,0.0
30,162,0.0
30,163,0.0
30,164,0.0
30,165,0.0
30,166,0.0
30,167,0.0
30,168,0.0
30,169,0.0
30,170,0.0
30,171,0.0
30,172,0.0
30,173,0.0
30,174,0.0
30,175,0.0
30,176,0.0
30,177,0.0
30,178,0.0
30,179,0.0
30,180,0.0
30,181,0.0
30,182,0.0
30,183,0.0
30,184,0.0
30,185,0.0
30,186,0.0
30,187,0.0
30,188,0.0
30,189,0.0
30,190,0.0
30,191,0.0
30,192,0.0
30,193,0.0
30,194,0.0
30,195,0.0
30,196,0.0
30,197,0.0
30,198,0.0
30,199,0.0
30,200,0.0
31,0,0.025
31,1,0.05
31,2,0.1
31,3,0.18
31,4,0.29
31,5,0.39
31,6,0.525
31,7,0.605
31,8,0.63
31,9,0.605
31,10,0.595
31,11,0.555
31,12,0.505
31,13,0.465
31,14,0.42
31,15,0.395
31,16,0.36
31,17,0.305
31,18,0.295
31,19,0.265
31,20,0.24
31,21,0.225
31,22,0.195
31,23,0.18
31,24,0.165
31,25,0.16
31,26,0.145
31,27,0.13
31,28,0.125
31,29,0.105
31,30,0.1
31,31,0.1
31,32,0.1
31,33,0.09
31,34,0.085
31,35,0.08
31,36,0.075
31,37,0.065
31,38,0.06
31,39,0.055
31,40,0.05
31,41,0.05
31,42,0.045
31,43,0.045
31,44,0.045
31,45,0.045
31,46,0.035
31,47,0.03
31,48,0.03
31,49,0.03
31,50,0.03
31,51,0.03
31,52,0.03
31,53,0.025
31,54,0.025
31,55,0.025
31,56,0.02
31,57,0.02
31,58,0.015
31,59,0.015
31,60,0.015
31,61,0.01
31,62,0.005
31,63,0.005
31,64,0.005
31,65,0.0
31,66,0.0
31,67,0.0
31,68,0.0
31,69,0.0
31,70,0.0
31,71,0.0
31,72,0.0
31,73,0.0
31,74,0.0
31,75,0.0
31,76,0.0
31,77,0.0
31,78,0.0
31,79,0.0
31,80,0.0
31,81,0.0
31,82,0.0
31,83,0.0
31,84,0.0
31,85,0.0
31,86,0.0
31,87,0.0
31,88,0.0
31,89,0.0
31,90,0.0
31,91,0.0
31,92,0.0
31,93,0.0
31,94,0.0
31,95,0.0
31,96,0.0
31,97,0.0
31,98,0.0
31,99,0.0
31,100,0.0
31,101,0.0
31,102,0.0
31,103,0.0
31,104,0.0
31,105,0.0
31,106,0.0
31,107,0.0
31,108,0.0
31,109,0.0
31,110,0.0
31,111,0.0
31,112,0.0
31,113,0.0
31,114,0.0
31,115,0.0
31,116,0.0
31,117,0.0
31,118,0.0
31,119,0.0
31,120,0.0
31,121,0.0
31,122,0.0
31,123,0.0
31,124,0.0
31,125,0.0
31,126,0.0
31,127,0.0
31,128,0.0
31,129,0.0
31,130,0.0
31,131,0.0
31,132,0.0
31,133,0.0
31,134,0.0
31,135,0.0
31,136,0.0
31,137,0.0
31,138,0.0
31,139,0.0
31,140,0.0
31,141,0.0
31,142,0.0
31,143,0.0
31,144,0.0
31,145,0.0
31,146,0.0
31,147,0.0
31,148,0.0
31,149,0.0
31,150,0.0
31,151,0.0
31,152,0.0
31,153,0.0
31,154,0.0
31,155,0.0
31,156,0.0
31,157,0.0
31,158,0.0
31,159,0.0
31,160,0.0
31,161,0.0
31,162,0.0
31,163,0.0
31,164,0.0
31,165,0.0
31,166,0.0
31,167,0.0
31,168,0.0
31,169,0.0
31,170,0.0
31,171,0.0
31,172,0.0
31,173,0.0
31,174,0.0
31,175,0.0
31,176,0.0
31,177,0.0
31,178,0.0
31,179,0.0
31,180,0.0
31,181,0.0
31,182,0.0
31,183,0.0
31,184,0.0
31,185,0.0
31,186,0.0
31,187,0.0
31,188,0.0
31,189,0.0
31,190,0.0
31,191,0.0
31,192,0.0
31,193,0.0
31,194,0.0
31,195,0.0
31,196,0.0
31,197,0.0
31,198,0.0
31,199,0.0
31,200,0.0
32,0,0.025
32,1,0.06
32,2,0.095
32,3,0.125
32,4,0.18
32,5,0.22
32,6,0.335
32,7,0.41
32,8,0.49
32,9,0.545
32,10,0.595
32,11,0.59
32,12,0.585
32,13,0.575
32,14,0.525
32,15,0.495
32,16,0.445
32,17,0.415
32,18,0.375
32,19,0.34
32,20,0.31
32,21,0.29
32,22,0.255
32,23,0.24
32,24,0.205
32,25,0.185
32,26,0.185
32,27,0.16
32,28,0.14
32,29,0.125
32,30,0.105
32,31,0.1
32,32,0.1
32,33,0.095
32,34,0.09
32,35,0.08
32,36,0.07
32,37,0.06
32,38,0.06
32,39,0.055
32,40,0.05
32,41,0.05
32,42,0.05
32,43,0.045
32,44,0.04
32,45,0.03
32,46,0.03
32,47,0.03
32,48,0.03
32,49,0.02
32,50,0.02
32,51,0.02
32,52,0.02
32,53,0.02
32,54,0.015
32,55,0.015
32,56,0.015
32,57,0.015
32,58,0.015
32,59,0.015
32,60,0.015
32,61,0.015
32,62,0.01
32,63,0.01
32,64,0.01
32,65,0.005
32,66,0.005
32,67,0.005
32,68,0.005
32,69,0.005
32,70,0.005
32,71,0.005
32,72,0.005
32,73,0.005
32,74,0.005
32,75,0.005
32,76,0.005
32,77,0.005
32,78,0.005
32,79,0.005
32,80,0.005
32,81,0.005
32,82,0.005
32,83,0.005
32,84,0.005
32,85,0.005
32,86,0.005
32,87,0.005
32,88,0.005
32,89,0.005
32,90,0.005
32,91,0.005
32,92,0.005
32,93,0.005
32,94,0.0
32,95,0.0
32,96,0.0
32,97,0.0
32,98,0.0
32,99,0.0
32,100,0.0
32,101,0.0
32,102,0.0
32,103,0.0
32,104,0.0
32,105,0.0
32,106,0.0
32,107,0.0
32,108,0.0
32,109,0.0
32,110,0.0
32,111,0.0
32,112,0.0
32,113,0.0
32,114,0.0
32,115,0.0
32,116,0.0
32,117,0.0
32,118,0.0
32,119,0.0
32,120,0.0
32,121,0.0
32,122,0.0
32,123,0.0
32,124,0.0
32,125,0.0
32,126,0.0
32,127,0.0
32,128,0.0
32,129,0.0
32,130,0.0
32,131,0.0
32,132,0.0
32,133,0.0
32,134,0.0
32,135,0.0
32,136,0.0
32,137,0.0
32,138,0.0
32,139,0.0
32,140,0.0
32,141,0.0
32,142,0.0
32,143,0.0
32,144,0.0
32,145,0.0
32,146,0.0
32,147,0.0
32,148,0.0
32,149,0.0
32,150,0.0
32,151,0.0
32,152,0.0
32,153,0.0
32,154,0.0
32,155,0.0
32,156,0.0
32,157,0.0
32,158,0.0
32,159,0.0
32,160,0.0
32,161,0.0
32,162,0.0
32,163,0.0
32,164,0.0
32,165,0.0
32,166,0.0
32,167,0.0
32,168,0.0
32,169,0.0
32,170,0.0
32,171,0.0
32,172,0.0
32,173,0.0
32,174,0.0
32,175,0.0
32,176,0.0
32,177,0.0
32,178,0.0
32,179,0.0
32,180,0.0
32,181,0.0
32,182,0.0
32,183,0.0
32,184,0.0
32,185,0.0
32,186,0.0
32,187,0.0
32,188,0.0
32,189,0.0
32,190,0.0
32,191,0.0
32,192,0.0
32,193,0.0
32,194,0.0
32,195,0.0
32,196,0.0
32,197,0.0
32,198,0.0
32,199,0.0
32,200,0.0
33,0,0.025
33,1,0.045
33,2,0.1
33,3,0.15
33,4,0.18
33,5,0.225
33,6,0.33
33,7,0.45
33,8,0.53
33,9,0.58
33,10,0.61
33,11,0.6
33,12,0.56
33,13,0.53
33,14,0.495
33,15,0.45
33,16,0.425
33,17,0.385
33,18,0.38
33,19,0.36
33,20,0.33
33,21,0.32
33,22,0.29
33,23,0.275
33,24,0.255
33,25,0.245
33,26,0.225
33,27,0.205
33,28,0.185
33,29,0.165
33,30,0.145
33,31,0.12
33,32,0.1
33,33,0.095
33,34,0.095
33,35,0.095
33,36,0.085
33,37,0.08
33,38,0.06
33,39,0.06
33,40,0.05
33,41,0.05
33,42,0.045
33,43,0.04
33,44,0.035
33,45,0.035
33,46,0.035
33,47,0.035
33,48,0.035
33,49,0.025
33,50,0.02
33,51,0.02
33,52,0.02
33,53,0.015
33,54,0.01
33,55,0.01
33,56,0.01
33,57,0.01
33,58,0.01
33,59,0.01
33,60,0.005
33,61,0.005
33,62,0.0
33,63,0.0
33,64,0.0
33,65,0.0
33,66,0.0
33,67,0.0
33,68,0.0
33,69,0.0
33,70,0.0
33,71,0.0
33,72,0.0
33,73,0.0
33,74,0.0
33,75,0.0
33,76,0.0
33,77,0.0
33,78,0.0
33,79,0.0
33,80,0.0
33,81,0.0
33,82,0.0
33,83,0.0
33,84,0.0
33,85,0.0
33,86,0.0
33,87,0.0
33,88,0.0
33,89,0.0
33,90,0.0
33,91,0.0
33,92,0.0
33,93,0.0
33,94,0.0
33,95,0.0
33,96,0.0
33,97,0.0
33,98,0.0
33,99,0.0
33,100,0.0
33,101,0.0
33,102,0.0
33,103,0.0
33,104,0.0
33,105,0.0
33,106,0.0
33,107,0.0
33,108,0.0
33,109,0.0
33,110,0.0
33,111,0.0
33,112,0.0
33,113,0.0
33,114,0.0
33,115,0.0
33,116,0.0
33,117,0.0
33,118,0.0
33,119,0.0
33,120,0.0
33,121,0.0
33,122,0.0
33,123,0.0
33,124,0.0
33,125,0.0
33,126,0.0
33,127,0.0
33,128,0.0
33,129,0.0
33,130,0.0
33,131,0.0
33,132,0.0
33,133,0.0
33,134,0.0
33,135,0.0
33,136,0.0
33,137,0.0
33,138,0.0
33,139,0.0
33,140,0.0
33,141,0.0
33,142,0.0
33,143,0.0
33,144,0.0
33,145,0.0
33,146,0.0
33,147,0.0
33,148,0.0
33,149,0.0
33,150,0.0
33,151,0.0
33,152,0.0
33,153,0.0
33,154,0.0
33,155,0.0
33,156,0.0
33,157,0.0
33,158,0.0
33,159,0.0
33,160,0.0
33,161,0.0
33,162,0.0
33,163,0.0
33,164,0.0
33,165,0.0
33,166,0.0
33,167,0.0
33,168,0.0
33,169,0.0
33,170,0.0
33,171,0.0
33,172,0.0
33,173,0.0
33,174,0.0
33,175,0.0
33,176,0.0
33,177,0.0
33,178,0.0
33,179,0.0
33,180,0.0
33,181,0.0
33,182,0.0
33,183,0.0
33,184,0.0
33,185,0.0
33,186,0.0
33,187,0.0
33,188,0.0
33,189,0.0
33,190,0.0
33,191,0.0
33,192,0.0
33,193,0.0
33,194,0.0
33,195,0.0
33,196,0.0
33,197,0.0
33,198,0.0
33,199,0.0
33,200,0.0
34,0,0.025
34,1,0.055
34,2,0.095
34,3,0.175
34,4,0.23
34,5,0.32
34,6,0.465
34,7,0.57
34,8,0.615
34,9,0.675
34,10,0.68
34,11,0.63
34,12,0.62
34,13,0.575
34,14,0.53
34,15,0.465
34,16,0.43
34,17,0.41
34,18,0.38
34,19,0.35
34,20,0.325
34,21,0.28
34,22,0.27
34,23,0.265
34,24,0.23
34,25,0.215
34,26,0.18
34,27,0.175
34,28,0.17
34,29,0.155
34,30,0.14
34,31,0.135
34,32,0.13
34,33,0.13
34,34,0.1
34,35,0.1
34,36,0.09
34,37,0.085
34,38,0.07
34,39,0.07
34,40,0.06
34,41,0.055
34,42,0.055
34,43,0.055
34,44,0.05
34,45,0.05
34,46,0.05
34,47,0.04
34,48,0.035
34,49,0.035
34,50,0.03
34,51,0.025
34,52,0.025
34,53,0.025
34,54,0.025
34,55,0.02
34,56,0.02
34,57,0.02
34,58,0.02
34,59,0.02
34,60,0.015
34,61,0.01
34,62,0.01
34,63,0.01
34,64,0.01
34,65,0.005
34,66,0.005
34,67,0.005
34,68,0.005
34,69,0.005
34,70,0.005
34,71,0.005
34,72,0.005
34,73,0.005
34,74,0.005
34,75,0.005
34,76,0.005
34,77,0.005
34,78,0.005
34,79,0.005
34,80,0.005
34,81,0.005
34,82,0.005
34,83,0.005
34,84,0.005
34,85,0.005
34,86,0.005
34,87,0.0
34,88,0.0
34,89,0.0
34,90,0.0
34,91,0.0
34,92,0.0
34,93,0.0
34,94,0.0
34,95,0.0
34,96,0.0
34,97,0.0
34,98,0.0
34,99,0.0
34,100,0.0
34,101,0.0
34,102,0.0
34,103,0.0
34,104,0.0
34,105,0.0
34,106,0.0
34,107,0.0
34,108,0.0
34,109,0.0
34,110,0.0
34,111,0.0
34,112,0.0
34,113,0.0
34,114,0.0
34,115,0.0
34,116,0.0
34,117,0.0
34,118,0.0
34,119,0.0
34,120,0.0
34,121,0.0
34,122,0.0
34,123,0.0
34,124,0.0
34,125,0.0
34,126,0.0
34,127,0.0
34,128,0.0
34,129,0.0
34,130,0.0
34,131,0.0
34,132,0.0
34,133,0.0
34,134,0.0
34,135,0.0
34,136,0.0
34,137,0.0
34,138,0.0
34,139,0.0
34,140,0.0
34,141,0.0
34,142,0.0
34,143,0.0
34,144,0.0
34,145,0.0
34,146,0.0
34,147,0.0
34,148,0.0
34,149,0.0
34,150,0.0
34,151,0.0
34,152,0.0
34,153,0.0
34,154,0.0
34,155,0.0
34,156,0.0
34,157,0.0
34,158,0.0
34,159,0.0
34,160,0.0
34,161,0.0
34,162,0.0
34,163,0.0
34,164,0.0
34,165,0.0
34,166,0.0
34,167,0.0
34,168,0.0
34,169,0.0
34,170,0.0
34,171,0.0
34,172,0.0
34,173,0.0
34,174,0.0
34,175,0.0
34,176,0.0
34,177,0.0
34,178,0.0
34,179,0.0
34,180,0.0
34,181,0.0
34,182,0.0
34,183,0.0
34,184,0.0
34,185,0.0
34,186,0.0
34,187,0.0
34,188,0.0
34,189,0.0
34,190,0.0
34,191,0.0
34,192,0.0
34,193,0.0
34,194,0.0
34,195,0.0
34,196,0.0
34,197,0.0
34,198,0.0
34,199,0.0
34,200,0.0
35,0,0.025
35,1,0.09
35,2,0.115
35,3,0.155
35,4,0.255
35,5,0.335
35,6,0.44
35,7,0.535
35,8,0.635
35,9,0.66
35,10,0.63
35,11,0.6
35,12,0.555
35,13,0.485
35,14,0.435
35,15,0.41
35,16,0.4
35,17,0.365
35,18,0.34
35,19,0.33
35,20,0.295
35,21,0.275
35,22,0.24
35,23,0.21
35,24,0.19
35,25,0.19
35,26,0.185
35,27,0.175
35,28,0.165
35,29,0.165
35,30,0.145
35,31,0.135
35,32,0.125
35,33,0.12
35,34,0.11
35,35,0.095
35,36,0.07
35,37,0.07
35,38,0.07
35,39,0.065
35,40,0.055
35,41,0.055
35,42,0.05
35,43,0.05
35,44,0.04
35,45,0.04
35,46,0.04
35,47,0.03
35,48,0.025
35,49,0.025
35,50,0.025
35,51,0.025
35,52,0.025
35,53,0.02
35,54,0.02
35,55,0.02
35,56,0.01
35,57,0.01
35,58,0.01
35,59,0.005
35,60,0.005
35,61,0.005
35,62,0.0
35,63,0.0
35,64,0.0
35,65,0.0
35,66,0.0
35,67,0.0
35,68,0.0
35,69,0.0
35,70,0.0
35,71,0.0
35,72,0.0
35,73,0.0
35,74,0.0
35,75,0.0
35,76,0.0
35,77,0.0
35,78,0.0
35,79,0.0
35,80,0.0
35,81,0.0
35,82,0.0
35,83,0.0
35,84,0.0
35,85,0.0
35,86,0.0
35,87,0.0
35,88,0.0
35,89,0.0
35,90,0.0
35,91,0.0
35,92,0.0
35,93,0.0
35,94,0.0
35,95,0.0
35,96,0.0
35,97,0.0
35,98,0.0
35,99,0.0
35,100,0.0
35,101,0.0
35,102,0.0
35,103,0.0
35,104,0.0
35,105,0.0
35,106,0.0
35,107,0.0
35,108,0.0
35,109,0.0
35,110,0.0
35,111,0.0
35,112,0.0
35,113,0.0
35,114,0.0
35,115,0.0
35,116,0.0
35,117,0.0
35,118,0.0
35,119,0.0
35,120,0.0
35,121,0.0
35,122,0.0
35,123,0.0
35,124,0.0
35,125,0.0
35,126,0.0
35,127,0.0
35,128,0.0
35,129,0.0
35,130,0.0
35,131,0.0
35,132,0.0
35,133,0.0
35,134,0.0
35,135,0.0
35,136,0.0
35,137,0.0
35,138,0.0
35,139,0.0
35,140,0.0
35,141,0.0
35,142,0.0
35,143,0.0
35,144,0.0
35,145,0.0
35,146,0.0
35,147,0.0
35,148,0.0
35,149,0.0
35,150,0.0
35,151,0.0
35,152,0.0
35,153,0.0
35,154,0.0
35,155,0.0
35,156,0.0
35,157,0.0
35,158,0.0
35,159,0.0
35,160,0.0
35,161,0.0
35,162,0.0
35,163,0.0
35,164,0.0
35,165,0.0
35,166,0.0
35,167,0.0
35,168,0.0
35,169,0.0
35,170,0.0
35,171,0.0
35,172,0.0
35,173,0.0
35,174,0.0
35,175,0.0
35,176,0.0
35,177,0.0
35,178,0.0
35,179,0.0
35,180,0.0
35,181,0.0
35,182,0.0
35,183,0.0
35,184,0.0
35,185,0.0
35,186,0.0
35,187,0.0
35,188,0.0
35,189,0.0
35,190,0.0
35,191,0.0
35,192,0.0
35,193,0.0
35,194,0.0
35,195,0.0
35,196,0.0
35,197,0.0
35,198,0.0
35,199,0.0
35,200,0.0
36,0,0.025
36,1,0.045
36,2,0.07
36,3,0.11
36,4,0.18
36,5,0.28
36,6,0.4
36,7,0.495
36,8,0.625
36,9,0.665
36,10,0.655
36,11,0.625
36,12,0.55
36,13,0.52
36,14,0.46
36,15,0.405
36,16,0.375
36,17,0.35
36,18,0.33
36,19,0.305
36,20,0.265
36,21,0.23
36,22,0.215
36,23,0.2
36,24,0.175
36,25,0.155
36,26,0.14
36,27,0.13
36,28,0.12
36,29,0.115
36,30,0.1
36,31,0.095
36,32,0.095
36,33,0.09
36,34,0.08
36,35,0.075
36,36,0.065
36,37,0.06
36,38,0.05
36,39,0.05
36,40,0.045
36,41,0.04
36,42,0.04
36,43,0.025
36,44,0.025
36,45,0.025
36,46,0.025
36,47,0.025
36,48,0.025
36,49,0.025
36,50,0.025
36,51,0.025
36,52,0.02
36,53,0.02
36,54,0.02
36,55,0.02
36,56,0.02
36,57,0.02
36,58,0.02
36,59,0.02
36,60,0.02
36,61,0.02
36,62,0.02
36,63,0.02
36,64,0.02
36,65,0.02
36,66,0.02
36,67,0.02
36,68,0.02
36,69,0.02
36,70,0.02
36,71,0.015
36,72,0.01
36,73,0.01
36,74,0.01
36,75,0.01
36,76,0.01
36,77,0.01
36,78,0.01
36,79,0.005
36,80,0.005
36,81,0.005
36,82,0.005
36,83,0.005
36,84,0.005
36,85,0.005
36,86,0.005
36,87,0.005
36,88,0.005
36,89,0.005
36,90,0.005
36,91,0.005
36,92,0.005
36,93,0.005
36,94,0.005
36,95,0.005
36,96,0.005
36,97,0.005
36,98,0.005
36,99,0.005
36,100,0.005
36,101,0.005
36,102,0.005
36,103,0.005
36,104,0.005
36,105,0.005
36,106,0.005
36,107,0.005
36,108,0.005
36,109,0.005
36,110,0.005
36,111,0.0
36,112,0.0
36,113,0.0
36,114,0.0
36,115,0.0
36,116,0.0
36,117,0.0
36,118,0.0
36,119,0.0
36,120,0.0
36,121,0.0
36,122,0.0
36,123,0.0
36,124,0.0
36,125,0.0
36,126,0.0
36,127,0.0
36,128,0.0
36,129,0.0
36,130,0.0
36,131,0.0
36,132,0.0
36,133,0.0
36,134,0.0
36,135,0.0
36,136,0.0
36,137,0.0
36,138,0.0
36,139,0.0
36,140,0.0
36,141,0.0
36,142,0.0
36,143,0.0
36,144,0.0
36,145,0.0
36,146,0.0
36,147,0.0
36,148,0.0
36,149,0.0
36,150,0.0
36,151,0.0
36,152,0.0
36,153,0.0
36,154,0.0
36,155,0.0
36,156,0.0
36,157,0.0
36,158,0.0
36,159,0.0
36,160,0.0
36,161,0.0
36,162,0.0
36,163,0.0
36,164,0.0
36,165,0.0
36,166,0.0
36,167,0.0
36,168,0.0
36,169,0.0
36,170,0.0
36,171,0.0
36,172,0.0
36,173,0.0
36,174,0.0
36,175,0.0
36,176,0.0
36,177,0.0
36,178,0.0
36,179,0.0
36,180,0.0
36,181,0.0
36,182,0.0
36,183,0.0
36,184,0.0
36,185,0.0
36,186,0.0
36,187,0.0
36,188,0.0
36,189,0.0
36,190,0.0
36,191,0.0
36,192,0.0
36,193,0.0
36,194,0.0
36,195,0.0
36,196,0.0
36,197,0.0
36,198,0.0
36,199,0.0
36,200,0.0
37,0,0.025
37,1,0.045
37,2,0.07
37,3,0.1
37,4,0.14
37,5,0.155
37,6,0.215
37,7,0.27
37,8,0.36
37,9,0.49
37,10,0.56
37,11,0.605
37,12,0.58
37,13,0.585
37,14,0.555
37,15,0.52
37,16,0.465
37,17,0.44
37,18,0.39
37,19,0.36
37,20,0.335
37,21,0.295
37,22,0.265
37,23,0.235
37,24,0.23
37,25,0.21
37,26,0.195
37,27,0.185
37,28,0.18
37,29,0.17
37,30,0.155
37,31,0.14
37,32,0.13
37,33,0.115
37,34,0.085
37,35,0.07
37,36,0.06
37,37,0.045
37,38,0.025
37,39,0.02
37,40,0.02
37,41,0.02
37,42,0.02
37,43,0.02
37,44,0.015
37,45,0.015
37,46,0.01
37,47,0.005
37,48,0.005
37,49,0.005
37,50,0.005
37,51,0.005
37,52,0.005
37,53,0.005
37,54,0.005
37,55,0.005
37,56,0.005
37,57,0.005
37,58,0.005
37,59,0.0
37,60,0.0
37,61,0.0
37,62,0.0
37,63,0.0
37,64,0.0
37,65,0.0
37,66,0.0
37,67,0.0
37,68,0.0
37,69,0.0
37,70,0.0
37,71,0.0
37,72,0.0
37,73,0.0
37,74,0.0
37,75,0.0
37,76,0.0
37,77,0.0
37,78,0.0
37,79,0.0
37,80,0.0
37,81,0.0
37,82,0.0
37,83,0.0
37,84,0.0
37,85,0.0
37,86,0.0
37,87,0.0
37,88,0.0
37,89,0.0
37,90,0.0
37,91,0.0
37,92,0.0
37,93,0.0
37,94,0.0
37,95,0.0
37,96,0.0
37,97,0.0
37,98,0.0
37,99,0.0
37,100,0.0
37,101,0.0
37,102,0.0
37,103,0.0
37,104,0.0
37,105,0.0
37,106,0.0
37,107,0.0
37,108,0.0
37,109,0.0
37,110,0.0
37,111,0.0
37,112,0.0
37,113,0.0
37,114,0.0
37,115,0.0
37,116,0.0
37,117,0.0
37,118,0.0
37,119,0.0
37,120,0.0
37,121,0.0
37,122,0.0
37,123,0.0
37,124,0.0
37,125,0.0
37,126,0.0
37,127,0.0
37,128,0.0
37,129,0.0
37,130,0.0
37,131,0.0
37,132,0.0
37,133,0.0
37,134,0.0
37,135,0.0
37,136,0.0
37,137,0.0
37,138,0.0
37,139,0.0
37,140,0.0
37,141,0.0
37,142,0.0
37,143,0.0
37,144,0.0
37,145,0.0
37,146,0.0
37,147,0.0
37,148,0.0
37,149,0.0
37,150,0.0
37,151,0.0
37,152,0.0
37,153,0.0
37,154,0.0
37,155,0.0
37,156,0.0
37,157,0.0
37,158,0.0
37,159,0.0
37,160,0.0
37,161,0.0
37,162,0.0
37,163,0.0
37,164,0.0
37,165,0.0
37,166,0.0
37,167,0.0
37,168,0.0
37,169,0.0
37,170,0.0
37,171,0.0
37,172,0.0
37,173,0.0
37,174,0.0
37,175,0.0
37,176,0.0
37,177,0.0
37,178,0.0
37,179,0.0
37,180,0.0
37,181,0.0
37,182,0.0
37,183,0.0
37,184,0.0
37,185,0.0
37,186,0.0
37,187,0.0
37,188,0.0
37,189,0.0
37,190,0.0
37,191,0.0
37,192,0.0
37,193,0.0
37,194,0.0
37,195,0.0
37,196,0.0
37,197,0.0
37,198,0.0
37,199,0.0
37,200,0.0
38,0,0.025
38,1,0.055
38,2,0.105
38,3,0.175
38,4,0.235
38,5,0.345
38,6,0.475
38,7,0.55
38,8,0.595
38,9,0.595
38,10,0.58
38,11,0.555
38,12,0.53
38,13,0.495
38,14,0.475
38,15,0.42
38,16,0.39
38,17,0.365
38,18,0.335
38,19,0.32
38,20,0.295
38,21,0.275
38,22,0.265
38,23,0.26
38,24,0.245
38,25,0.22
38,26,0.205
38,27,0.19
38,28,0.18
38,29,0.14
38,30,0.13
38,31,0.11
38,32,0.105
38,33,0.08
38,34,0.075
38,35,0.075
38,36,0.06
38,37,0.055
38,38,0.055
38,39,0.05
38,40,0.05
38,41,0.04
38,42,0.035
38,43,0.035
38,44,0.03
38,45,0.03
38,46,0.03
38,47,0.03
38,48,0.025
38,49,0.025
38,50,0.025
38,51,0.02
38,52,0.015
38,53,0.01
38,54,0.01
38,55,0.01
38,56,0.01
38,57,0.01
38,58,0.005
38,59,0.005
38,60,0.005
38,61,0.005
38,62,0.005
38,63,0.005
38,64,0.005
38,65,0.005
38,66,0.005
38,67,0.005
38,68,0.005
38,69,0.005
38,70,0.005
38,71,0.005
38,72,0.005
38,73,0.005
38,74,0.0
38,75,0.0
38,76,0.0
38,77,0.0
38,78,0.0
38,79,0.0
38,80,0.0
38,81,0.0
38,82,0.0
38,83,0.0
38,84,0.0
38,85,0.0
38,86,0.0
38,87,0.0
38,88,0.0
38,89,0.0
38,90,0.0
38,91,0.0
38,92,0.0
38,93,0.0
38,94,0.0
38,95,0.0
38,96,0.0
38,97,0.0
38,98,0.0
38,99,0.0
38,100,0.0
38,101,0.0
38,102,0.0
38,103,0.0
38,104,0.0
38,105,0.0
38,106,0.0
38,107,0.0
38,108,0.0
38,109,0.0
38,110,0.0
38,111,0.0
38,112,0.0
38,113,0.0
38,114,0.0
38,115,0.0
38,116,0.0
38,117,0.0
38,118,0.0
38,119,0.0
38,120,0.0
38,121,0.0
38,122,0.0
38,123,0.0
38,124,0.0
38,125,0.0
38,126,0.0
38,127,0.0
38,128,0.0
38,129,0.0
38,130,0.0
38,131,0.0
38,132,0.0
38,133,0.0
38,134,0.0
38,135,0.0
38,136,0.0
38,137,0.0
38,138,0.0
38,139,0.0
38,140,0.0
38,141,0.0
38,142,0.0
38,143,0.0
38,144,0.0
38,145,0.0
38,146,0.0
38,147,0.0
38,148,0.0
38,149,0.0
38,150,0.0
38,151,0.0
38,152,0.0
38,153,0.0
38,154,0.0
38,155,0.0
38,156,0.0
38,157,0.0
38,158,0.0
38,159,0.0
38,160,0.0
38,161,0.0
38,162,0.0
38,163,0.0
38,164,0.0
38,165,0.0
38,166,0.0
38,167,0.0
38,168,0.0
38,169,0.0
38,170,0.0
38,171,0.0
38,172,0.0
38,173,0.0
38,174,0.0
38,175,0.0
38,176,0.0
38,177,0.0
38,178,0.0
38,179,0.0
38,180,0.0
38,181,0.0
38,182,0.0
38,183,0.0
38,184,0.0
38,185,0.0
38,186,0.0
38,187,0.0
38,188,0.0
38,189,0.0
38,190,0.0
38,191,0.0
38,192,0.0
38,193,0.0
38,194,0.0
38,195,0.0
38,196,0.0
38,197,0.0
38,198,0.0
38,199,0.0
38,200,0.0
39,0,0.025
39,1,0.05
39,2,0.07
39,3,0.115
39,4,0.17
39,5,0.255
39,6,0.37
39,7,0.495
39,8,0.605
39,9,0.685
39,10,0.665
39,11,0.65
39,12,0.61
39,13,0.565
39,14,0.515
39,15,0.46
39,16,0.415
39,17,0.405
39,18,0.37
39,19,0.34
39,20,0.315
39,21,0.275
39,22,0.26
39,23,0.245
39,24,0.235
39,25,0.235
39,26,0.225
39,27,0.215
39,28,0.2
39,29,0.185
39,30,0.165
39,31,0.155
39,32,0.145
39,33,0.13
39,34,0.125
39,35,0.115
39,36,0.11
39,37,0.11
39,38,0.1
39,39,0.09
39,40,0.08
39,41,0.07
39,42,0.065
39,43,0.06
39,44,0.055
39,45,0.05
39,46,0.05
39,47,0.04
39,48,0.035
39,49,0.03
39,50,0.03
39,51,0.03
39,52,0.03
39,53,0.025
39,54,0.02
39,55,0.02
39,56,0.02
39,57,0.02
39,58,0.015
39,59,0.015
39,60,0.015
39,61,0.015
39,62,0.015
39,63,0.015
39,64,0.015
39,65,0.015
39,66,0.015
39,67,0.015
39,68,0.005
39,69,0.005
39,70,0.005
39,71,0.005
39,72,0.0
39,73,0.0
39,74,0.0
39,75,0.0
39,76,0.0
39,77,0.0
39,78,0.0
39,79,0.0
39,80,0.0
39,81,0.0
39,82,0.0
39,83,0.0
39,84,0.0
39,85,0.0
39,86,0.0
39,87,0.0
39,88,0.0
39,89,0.0
39,90,0.0
39,91,0.0
39,92,0.0
39,93,0.0
39,94,0.0
39,95,0.0
39,96,0.0
39,97,0.0
39,98,0.0
39,99,0.0
39,100,0.0
39,101,0.0
39,102,0.0
39,103,0.0
39,104,0.0
39,105,0.0
39,106,0.0
39,107,0.0
39,108,0.0
39,109,0.0
39,110,0.0
39,111,0.0
39,112,0.0
39,113,0.0
39,114,0.0
39,115,0.0
39,116,0.0
39,117,0.0
39,118,0.0
39,119,0.0
39,120,0.0
39,121,0.0
39,122,0.0
39,123,0.0
39,124,0.0
39,125,0.0
39,126,0.0
39,127,0.0
39,128,0.0
39,129,0.0
39,130,0.0
39,131,0.0
39,132,0.0
39,133,0.0
39,134,0.0
39,135,0.0
39,136,0.0
39,137,0.0
39,138,0.0
39,139,0.0
39,140,0.0
39,141,0.0
39,142,0.0
39,143,0.0
39,144,0.0
39,145,0.0
39,146,0.0
39,147,0.0
39,148,0.0
39,149,0.0
39,150,0.0
39,151,0.0
39,152,0.0
39,153,0.0
39,154,0.0
39,155,0.0
39,156,0.0
39,157,0.0
39,158,0.0
39,159,0.0
39,160,0.0
39,161,0.0
39,162,0.0
39,163,0.0
39,164,0.0
39,165,0.0
39,166,0.0
39,167,0.0
39,168,0.0
39,169,0.0
39,170,0.0
39,171,0.0
39,172,0.0
39,173,0.0
39,174,0.0
39,175,0.0
39,176,0.0
39,177,0.0
39,178,0.0
39,179,0.0
39,180,0.0
39,181,0.0
39,182,0.0
39,183,0.0
39,184,0.0
39,185,0.0
39,186,0.0
39,187,0.0
39,188,0.0
39,189,0.0
39,190,0.0
39,191,0.0
39,192,0.0
39,193,0.0
39,194,0.0
39,195,0.0
39,196,0.0
39,197,0.0
39,198,0.0
39,199,0.0
39,200,0.0
